,id,matter,weight,size,is_defect,platemark,type,price_before_takeoff
0,Т132013977,gold,1.86,15.0,1,585,wedding,1062.86
1,Т132013977,gold,1.9,15.0,0,585,wedding,865.87
2,Т132013977,gold,1.9,15.0,0,585,wedding,865.87
3,Т132013977,gold,1.72,15.0,0,585,wedding,783.84
4,Т132013977,gold,1.72,15.0,0,585,wedding,783.84
5,Т132013977,gold,1.72,15.0,0,585,wedding,783.84
6,Т132013977,gold,1.72,15.0,0,585,wedding,783.84
7,Т132013977,gold,1.75,15.0,0,585,wedding,797.51
8,Т132013977,gold,1.78,15.0,0,585,wedding,1017.15
9,Т132013977,gold,1.79,15.0,0,585,wedding,1022.86
10,Т132013977,gold,1.79,15.0,0,585,wedding,815.74
11,Т132013977,gold,1.77,15.0,0,585,wedding,1011.43
12,Т132013977,gold,1.8,15.0,0,585,wedding,820.3
13,Т132013977,gold,1.8,15.0,0,585,wedding,1028.57
14,Т132013977,gold,1.82,15.0,0,585,wedding,829.41
15,Т132013977,gold,1.82,15.0,0,585,wedding,829.41
16,Т132013977,gold,1.82,15.0,0,585,wedding,829.41
17,Т132013977,gold,1.82,15.0,0,585,wedding,1040.0
18,Т132013977,gold,1.83,15.0,0,585,wedding,833.97
19,Т132013977,gold,1.83,15.0,0,585,wedding,833.97
20,Т132013977,gold,1.66,15.0,0,585,wedding,756.5
21,Т132013977,gold,1.84,15.0,0,585,wedding,838.52
22,Т132013977,gold,1.84,15.0,0,585,wedding,838.52
23,Т132013977,gold,1.75,15.5,0,585,wedding,797.51
24,Т132013977,gold,1.81,15.0,0,585,wedding,824.85
25,Т132013977,gold,1.81,15.0,0,585,wedding,1034.29
26,Т132013977,gold,1.81,15.0,0,585,wedding,824.85
27,Т132013977,gold,1.85,15.5,0,585,wedding,1057.15
28,Т132013977,gold,1.69,15.5,0,585,wedding,770.17
29,Т132013977,gold,1.76,15.0,0,585,wedding,1005.72
30,Т132013977,gold,1.65,15.0,0,585,wedding,751.94
31,Т132013977,gold,1.68,15.5,0,585,wedding,765.61
32,Т132013977,gold,1.64,15.0,0,585,wedding,937.15
33,Т132013977,gold,1.96,15.0,0,585,wedding,1120.0
34,Т20001016,gold,1.46,15.0,0,375,wedding,604.86
35,Т20001016,gold,1.7,15.5,0,375,wedding,704.29
36,Т20001016,gold,1.57,15.5,0,375,wedding,650.44
37,Т20001016,gold,1.64,17.0,0,375,wedding,679.44
38,Т20001016,gold,1.64,17.0,0,375,wedding,679.44
39,Т20001016,gold,1.47,15.0,0,375,wedding,609.01
40,Т20001016,gold,1.48,15.0,0,375,wedding,613.15
41,Т20001016,gold,1.48,15.0,0,375,wedding,613.15
42,Т20001016,gold,1.48,15.0,0,375,wedding,613.15
43,Т20001016,gold,1.48,15.0,0,375,wedding,613.15
44,Т20001016,gold,1.48,15.0,0,375,wedding,613.15
45,Т20001016,gold,1.51,15.5,0,375,wedding,625.58
46,Т20001016,gold,1.58,16.0,0,375,wedding,654.58
47,Т20001016,gold,2.29,23.0,0,375,wedding,948.72
48,Т20001016,gold,2.01,21.0,0,375,wedding,832.72
49,Т20001016,gold,2.2,21.5,0,375,wedding,911.44
50,Т20001016,gold,1.51,15.5,0,375,wedding,625.58
51,Т20001016,gold,2.08,22.5,0,375,wedding,861.72
52,Т20001016,gold,1.46,15.5,0,375,wedding,604.86
53,Т20001016,gold,1.49,16.0,0,375,wedding,617.29
54,Т20001016,gold,1.49,16.0,0,375,wedding,617.29
55,Т20001016,gold,2.08,22.0,0,375,wedding,861.72
56,Т20001016,gold,2.15,23.0,0,375,wedding,890.72
57,Т20001016,gold,1.48,15.0,0,375,wedding,613.15
58,Т20001016,gold,1.49,15.5,0,375,wedding,617.29
59,Т20001016,gold,1.5,15.5,0,375,wedding,621.44
60,Т20001016,gold,1.93,20.0,0,375,wedding,799.58
61,Т20001016,gold,2.16,22.5,0,375,wedding,894.87
62,Т20001016,gold,1.5,16.0,0,375,wedding,621.44
63,Т20001016,gold,1.51,16.0,0,375,wedding,625.58
64,Т20001016,gold,1.53,16.0,0,375,wedding,633.86
65,Т20001016,gold,1.61,16.5,0,375,wedding,667.01
66,Т20001016,gold,1.45,15.0,0,375,wedding,600.72
67,Т20001016,gold,1.72,18.0,0,375,wedding,712.58
68,Т20001016,gold,1.72,18.0,0,375,wedding,712.58
69,Т20001016,gold,1.47,15.0,0,375,wedding,609.01
70,Т20001016,gold,1.47,15.0,0,375,wedding,609.01
71,Т20001016,gold,1.47,15.0,0,375,wedding,609.01
72,Т20001016,gold,1.99,21.0,0,375,wedding,824.44
73,Т20001016,gold,1.81,18.5,0,375,wedding,749.86
74,Т20001016,gold,1.92,20.5,0,375,wedding,795.44
75,Т20001016,gold,2.08,21.5,0,375,wedding,861.72
76,Т20001016,gold,1.56,16.0,0,375,wedding,646.29
77,Т20001016,gold,1.56,16.0,0,375,wedding,646.29
78,Т20001016,gold,2.13,23.0,0,375,wedding,882.44
79,Т20001016,gold,1.39,15.5,0,375,wedding,575.86
80,Т20001016,gold,1.55,16.0,0,375,wedding,642.15
81,Т20001016,gold,1.9,19.0,0,375,wedding,787.15
82,Т20001016,gold,1.9,19.0,0,375,wedding,787.15
83,Т20001016,gold,2.19,22.5,0,375,wedding,907.3
84,Т20001016,gold,2.1,21.5,0,375,wedding,870.01
85,Т20001016,gold,2.0,20.5,0,375,wedding,828.58
86,Т20001016,gold,1.75,17.5,0,375,wedding,725.01
87,Т20001016,gold,2.27,22.0,0,375,wedding,940.44
88,Т20001016,gold,2.23,22.0,0,375,wedding,923.87
89,Т20001016,gold,1.6,16.0,0,375,wedding,662.86
90,1011396,gold,0.72,16.5,0,585,decorative,677.66
91,1011396,gold,0.8,17.5,0,585,decorative,756.42
92,1011396,gold,0.69,16.5,0,585,decorative,660.27
93,1011396,gold,0.7,16.5,0,585,decorative,678.39
94,1011396,gold,0.74,16.0,0,585,decorative,687.71
95,1011396,gold,0.64,15.5,0,585,decorative,614.36
96,1011396,gold,0.66,15.0,0,585,decorative,671.68
97,1011396,gold,0.71,15.0,0,585,decorative,663.12
98,1011396,gold,0.72,15.0,0,585,decorative,673.65
99,1011396,gold,0.75,15.0,0,585,decorative,697.81
100,1011396,gold,0.77,16.0,0,585,decorative,705.06
101,1011396,gold,0.77,16.0,0,585,decorative,724.29
102,1011396,gold,0.63,16.5,0,585,decorative,627.15
103,1011396,gold,0.65,17.0,0,585,decorative,643.6
104,1011396,gold,0.65,17.0,0,585,decorative,646.99
105,1011396,gold,0.66,16.5,0,585,decorative,635.44
106,1011396,gold,0.67,16.5,0,585,decorative,632.27
107,1011396,gold,0.67,16.5,0,585,decorative,640.41
108,1011396,gold,0.67,16.5,0,585,decorative,642.76
109,1011396,gold,0.67,16.5,0,585,decorative,645.95
110,1011396,gold,0.67,17.0,0,585,decorative,644.8
111,1011396,gold,0.68,16.5,0,585,decorative,645.99
112,1011396,gold,0.69,17.0,0,585,decorative,656.94
113,1011396,gold,0.69,17.0,0,585,decorative,661.01
114,1011396,gold,0.69,17.0,0,585,decorative,648.59
115,1011396,gold,0.72,17.0,0,585,decorative,682.12
116,1011396,gold,0.73,16.0,0,585,decorative,673.44
117,1011396,gold,0.73,17.0,0,585,decorative,689.15
118,1011396,gold,0.74,17.0,0,585,decorative,695.79
119,1011396,gold,0.75,17.0,0,585,decorative,702.82
120,1011396,gold,0.75,17.0,0,585,decorative,687.2
121,1011396,gold,0.73,16.0,0,585,decorative,696.49
122,1011396,gold,0.75,16.5,0,585,decorative,702.82
123,1011396,gold,0.67,15.5,0,585,decorative,635.52
124,1011396,gold,0.7,16.5,0,585,decorative,664.88
125,Т200013731,gold,3.24,21.5,0,375,wedding,1342.3
126,Т200013731,gold,3.2,22.5,0,375,wedding,1325.73
127,Т200013731,gold,3.2,22.5,0,375,wedding,1325.73
128,Т200013731,gold,3.21,22.5,0,375,wedding,1329.87
129,Т200013731,gold,3.27,22.0,0,375,wedding,1354.73
130,Т200013731,gold,3.3,23.0,0,375,wedding,1367.16
131,Т200013731,gold,3.33,23.0,0,375,wedding,1379.59
132,Т200013731,gold,3.36,23.0,0,375,wedding,1392.01
133,Т200013731,gold,3.2,22.5,0,375,wedding,1325.73
134,Т200013731,gold,3.27,22.5,0,375,wedding,1354.73
135,Т200013731,gold,2.39,16.5,0,375,wedding,990.15
136,Т200013731,gold,2.19,15.5,0,375,wedding,907.3
137,Т200013731,gold,3.16,21.5,0,375,wedding,1309.16
138,Т200013731,gold,3.31,23.0,0,375,wedding,1371.3
139,Т200013731,gold,2.67,18.0,0,375,wedding,1106.15
140,Т200013731,gold,3.36,22.0,0,375,wedding,1392.01
141,Т200013731,gold,3.46,22.5,0,375,wedding,1433.44
142,Т200013731,gold,3.57,23.0,0,375,wedding,1479.02
143,Т200013731,gold,3.2,22.5,0,375,wedding,1325.73
144,Т200013731,gold,3.33,23.0,0,375,wedding,1379.59
145,Т200013731,gold,3.14,21.0,0,375,wedding,1300.87
146,Т200013731,gold,2.56,16.5,0,375,wedding,1060.58
147,Т200013731,gold,2.71,18.0,0,375,wedding,1122.73
148,Т200013731,gold,3.07,20.5,0,375,wedding,1271.87
149,Т10001225,gold,2.23,15.5,0,585,wedding,946.14
150,Т10001225,gold,2.23,15.5,0,585,wedding,946.14
151,Т10001225,gold,2.25,16.0,0,585,wedding,954.63
152,Т10001225,gold,2.25,16.0,0,585,wedding,954.63
153,Т10001225,gold,3.01,21.5,0,585,wedding,1277.08
154,Т10001225,gold,2.15,15.0,0,585,wedding,912.2
155,Т10001225,gold,2.15,15.0,0,585,wedding,912.2
156,Т10001225,gold,2.35,17.0,0,585,wedding,997.06
157,Т10001225,gold,2.16,15.0,0,585,wedding,916.44
158,Т10001225,gold,2.16,15.0,0,585,wedding,1203.42
159,Т10001225,gold,2.36,17.0,0,585,wedding,1001.3
160,Т10001225,gold,2.46,18.0,0,585,wedding,1043.73
161,Т10001225,gold,2.38,16.5,0,585,wedding,1009.79
162,Т10001225,gold,3.03,21.5,0,585,wedding,1285.57
163,Т10001225,gold,2.31,16.0,0,585,wedding,980.09
164,Т10001225,gold,2.09,16.0,0,585,wedding,1164.42
165,Т10001225,gold,2.1,16.0,0,585,wedding,890.99
166,Т10001225,gold,2.23,16.5,0,585,wedding,946.14
167,Т10001225,gold,3.0,23.0,0,585,wedding,1272.84
168,Т10001225,gold,2.1,15.0,0,585,wedding,890.99
169,Т10001225,gold,2.19,16.5,0,585,wedding,929.17
170,Т10001225,gold,3.07,23.0,0,585,wedding,1302.54
171,Т10001225,gold,2.05,15.5,0,585,wedding,869.77
172,Т10001225,gold,2.05,15.5,0,585,wedding,869.77
173,Т10001225,gold,2.16,16.0,0,585,wedding,916.44
174,Т10001225,gold,2.18,16.5,0,585,wedding,924.93
175,Т10001225,gold,2.2,16.5,0,585,wedding,933.42
176,Т10001225,gold,2.08,15.5,0,585,wedding,882.5
177,Т10001225,gold,2.08,15.5,0,585,wedding,882.5
178,Т10001225,gold,2.08,16.0,0,585,wedding,882.5
179,Т10001225,gold,3.02,23.0,0,585,wedding,1281.33
180,Т10001225,gold,2.45,18.0,0,585,wedding,1039.49
181,Т10001225,gold,2.45,18.0,0,585,wedding,1039.49
182,Т10001225,gold,2.31,16.5,0,585,wedding,980.09
183,Т10001225,gold,2.32,16.5,0,585,wedding,984.33
184,Т10001225,gold,3.0,22.0,0,585,wedding,1272.84
185,Т10001225,gold,1.94,15.0,0,585,wedding,823.1
186,Т10001225,gold,2.24,15.0,0,585,wedding,1247.99
187,Т10001225,gold,2.74,21.0,0,585,wedding,1526.56
188,Т10001225,gold,2.05,15.0,0,585,wedding,1142.14
189,Т10001225,gold,2.0,15.0,0,585,wedding,1114.28
190,Т107017273,gold,0.64,16.5,0,585,engagement,442.58
191,Т130013978,gold,2.65,22.5,0,585,wedding,1166.0
192,Т130013978,gold,1.79,15.0,0,585,wedding,787.6
193,Т130013978,gold,1.75,15.0,0,585,wedding,770.0
194,Т130013978,gold,1.75,15.0,0,585,wedding,770.0
195,Т130013978,gold,1.83,15.0,0,585,wedding,805.2
196,Т130013978,gold,1.72,15.0,0,585,wedding,756.8
197,Т130013978,gold,2.35,22.5,0,585,wedding,1034.0
198,Т130013978,gold,1.82,16.0,0,585,wedding,1040.0
199,Т130013978,gold,1.82,16.0,0,585,wedding,1040.0
200,Т130013978,gold,2.42,22.5,0,585,wedding,1382.86
201,Т130013978,gold,1.7,16.0,0,585,wedding,748.0
202,Т130013978,gold,1.7,16.0,0,585,wedding,971.43
203,Т130013978,gold,2.25,22.0,0,585,wedding,990.0
204,Т130013978,gold,2.43,22.5,0,585,wedding,1069.2
205,Т130013978,gold,1.65,15.0,0,585,wedding,726.0
206,Т130013978,gold,2.55,22.5,0,585,wedding,1122.0
207,Т130013978,gold,1.55,15.0,0,585,wedding,682.0
208,Т130013978,gold,1.82,15.5,0,585,wedding,800.8
209,Т130013978,gold,1.81,16.0,0,585,wedding,1034.29
210,Т130013978,gold,1.86,15.0,0,585,wedding,818.4
211,Т130013978,gold,1.61,15.0,0,585,wedding,708.4
212,Т130013978,gold,1.68,15.5,0,585,wedding,739.2
213,Т130013978,gold,2.55,21.5,0,585,wedding,1122.0
214,Т130013978,gold,1.66,16.0,1,585,wedding,948.57
215,Т130013978,gold,1.56,15.0,0,585,wedding,891.43
216,Т130013978,gold,1.65,16.0,0,585,wedding,942.86
217,Т130013978,gold,1.74,16.0,0,585,wedding,994.29
218,Т130013978,gold,1.98,16.0,0,585,wedding,1131.43
219,Т130013978,gold,2.29,22.5,0,585,wedding,1308.57
220,Т130013978,gold,2.07,17.5,0,585,wedding,1182.86
221,Т130013978,gold,2.74,21.5,0,585,wedding,1565.72
222,П7412-001К14,gold,1.73,15.5,0,585,wedding,988.57
223,П7412-001К14,gold,1.77,15.5,0,585,wedding,1011.43
224,П7412-001К14,gold,1.77,15.5,0,585,wedding,1011.43
225,П7412-001К14,gold,1.84,16.5,0,585,wedding,1051.43
226,П7412-001К14,gold,1.85,18.0,0,585,wedding,1057.15
227,П7412-001К14,gold,1.93,16.5,0,585,wedding,992.58
228,П7412-001К14,gold,1.98,18.0,0,585,wedding,1131.43
229,П7412-001К14,gold,1.99,18.0,0,585,wedding,1137.15
230,П7412-001К14,gold,1.99,18.0,0,585,wedding,1137.15
231,П7412-001К14,gold,2.04,18.0,0,585,wedding,1025.83
232,П7412-001К14,gold,2.08,18.0,0,585,wedding,1045.93
233,П7412-001К14,gold,1.68,15.5,0,585,wedding,960.0
234,П7412-001К14,gold,1.72,16.0,0,585,wedding,982.86
235,П7412-001К14,gold,1.75,15.5,0,585,wedding,1000.0
236,П7412-001К14,gold,1.75,15.5,0,585,wedding,1000.0
237,П7412-001К14,gold,1.78,16.0,0,585,wedding,1017.15
238,П7412-001К14,gold,1.78,16.0,0,585,wedding,1017.15
239,П7412-001К14,gold,1.78,16.0,0,585,wedding,1017.15
240,П7412-001К14,gold,1.85,16.0,0,585,wedding,843.08
241,П7412-001К14,gold,1.88,17.5,0,585,wedding,1074.29
242,П7412-001К14,gold,1.88,17.5,0,585,wedding,1074.29
243,П7412-001К14,gold,1.89,17.0,0,585,wedding,1080.0
244,П7412-001К14,gold,1.9,17.0,0,585,wedding,1004.28
245,П7412-001К14,gold,1.9,17.0,0,585,wedding,1085.72
246,П7412-001К14,gold,1.9,17.5,0,585,wedding,1085.72
247,П7412-001К14,gold,1.95,16.5,0,585,wedding,1114.29
248,П7412-001К14,gold,1.95,17.5,0,585,wedding,1114.29
249,П7412-001К14,gold,1.96,17.5,0,585,wedding,1120.0
250,П7412-001К14,gold,1.97,16.5,0,585,wedding,1125.72
251,П7412-001К14,gold,1.97,17.0,0,585,wedding,1125.72
252,П7412-001К14,gold,1.98,17.5,0,585,wedding,1131.43
253,П7412-001К14,gold,2.0,17.0,0,585,wedding,1142.86
254,П7412-001К14,gold,2.0,17.0,0,585,wedding,1142.86
255,П7412-001К14,gold,2.0,17.0,0,585,wedding,1142.86
256,П7412-001К14,gold,2.03,17.0,0,585,wedding,1160.0
257,П7412-001К14,gold,2.04,17.5,0,585,wedding,929.67
258,П7412-001К14,gold,2.05,17.0,0,585,wedding,1171.43
259,П7412-001К14,gold,2.06,17.0,0,585,wedding,1177.15
260,П7412-001К14,gold,2.06,17.0,0,585,wedding,1177.15
261,П7412-001К14,gold,2.06,17.0,0,585,wedding,1177.15
262,П7412-001К14,gold,2.06,17.0,0,585,wedding,1177.15
263,П7412-001К14,gold,1.8,16.0,0,585,wedding,1028.57
264,П7412-001К14,gold,1.8,16.0,0,585,wedding,1028.57
265,П7412-001К14,gold,1.96,17.0,0,585,wedding,1120.0
266,П7412-001К14,gold,1.79,15.5,0,585,wedding,1022.86
267,П7412-001К14,gold,1.79,15.5,0,585,wedding,1022.86
268,П7412-001К14,gold,1.79,15.5,0,585,wedding,1022.86
269,П7412-001К14,gold,1.85,16.5,0,585,wedding,1057.15
270,П7412-001К14,gold,1.85,16.5,0,585,wedding,1057.15
271,П7412-001К14,gold,1.97,18.0,0,585,wedding,1125.72
272,П7412-001К14,gold,1.75,16.0,0,585,wedding,1000.0
273,П7412-001К14,gold,1.75,16.0,0,585,wedding,1000.0
274,П7412-001К14,gold,1.75,16.0,0,585,wedding,1000.0
275,П7412-001К14,gold,1.75,16.0,0,585,wedding,1000.0
276,П7412-001К14,gold,1.76,16.0,0,585,wedding,1005.72
277,П7412-001К14,gold,1.86,16.5,0,585,wedding,1062.86
278,П7412-001К14,gold,1.92,15.5,0,585,wedding,935.33
279,П7412-001К14,gold,1.92,15.5,0,585,wedding,935.33
280,П7412-001К14,gold,1.81,18.0,0,585,wedding,1034.29
281,П7412-001К14,gold,1.89,15.0,0,585,wedding,1080.0
282,П7412-001К14,gold,1.94,17.5,0,585,wedding,1108.57
283,П7412-001К14,gold,1.89,15.5,0,585,wedding,861.31
284,П7412-001К14,gold,1.9,16.5,0,585,wedding,1085.72
285,П7412-001К14,gold,1.9,16.5,0,585,wedding,1085.72
286,П7412-001К14,gold,1.93,17.0,0,585,wedding,1102.86
287,П7412-001К14,gold,1.87,16.5,0,585,wedding,1068.57
288,П7412-001К14,gold,1.87,16.5,0,585,wedding,1068.57
289,П7412-001К14,gold,1.87,16.5,0,585,wedding,1068.57
290,П7412-001К14,gold,1.89,18.0,0,585,wedding,1052.99
291,П7412-001К14,gold,1.84,15.0,0,585,wedding,1051.43
292,П7412-001К14,gold,1.99,17.5,0,585,wedding,1137.15
293,П7412-001К14,gold,1.99,17.5,0,585,wedding,1051.85
294,П7412-001К14,gold,1.87,15.5,0,585,wedding,910.97
295,П7412-001К14,gold,1.87,15.5,0,585,wedding,910.97
296,П7412-001К14,gold,1.87,15.5,0,585,wedding,910.97
297,П7412-001К14,gold,2.11,18.0,0,585,wedding,1175.57
298,П7412-001К14,gold,2.11,18.0,0,585,wedding,1205.72
299,П7412-001К14,gold,1.88,16.0,0,585,wedding,1074.29
300,П7412-001К14,gold,1.88,16.0,0,585,wedding,966.87
301,П7412-001К14,gold,1.95,16.0,0,585,wedding,1114.29
302,П7412-001К14,gold,1.78,15.5,0,585,wedding,991.71
303,П7412-001К14,gold,2.1,17.0,0,585,wedding,1200.0
304,П7412-001К14,gold,1.66,15.5,0,585,wedding,948.57
305,П7412-001К14,gold,2.19,18.0,0,585,wedding,1251.43
306,П7412-001К14,gold,2.19,18.0,0,585,wedding,1251.43
307,П7412-001К14,gold,1.83,15.0,0,585,wedding,891.47
308,П7412-001К14,gold,1.72,15.0,0,585,wedding,864.9
309,П7412-001К14,gold,1.45,15.5,0,585,wedding,745.72
310,П7412-001К14,gold,1.69,15.0,0,585,wedding,893.28
311,П7412-001К14,gold,1.53,15.5,0,585,wedding,874.29
312,П7412-001К14,gold,2.09,16.5,0,585,wedding,1194.29
313,П7412-001К14,gold,2.28,18.0,0,585,wedding,1302.86
314,П7412-001К14,gold,2.28,18.0,0,585,wedding,1302.86
315,П7412-001К14,gold,2.05,17.5,0,585,wedding,1171.43
316,П7412-001К14,gold,1.73,18.0,0,585,wedding,988.57
317,П7412-001К14,gold,1.71,15.0,0,585,wedding,977.15
318,П7412-001К14,gold,1.74,15.5,0,585,wedding,994.29
319,П7412-001К14,gold,1.77,15.0,0,585,wedding,1011.43
320,П7412-001К14,gold,1.71,15.5,0,585,wedding,977.15
321,П7412-001К14,gold,2.07,18.0,0,585,wedding,1182.86
322,П7412-001К14,gold,2.07,18.0,0,585,wedding,1182.86
323,П7412-001К14,gold,1.87,16.0,0,585,wedding,1068.57
324,П7412-001К14,gold,1.87,16.0,0,585,wedding,1068.57
325,П7412-001К14,gold,1.87,16.0,0,585,wedding,1068.57
326,П7412-001К14,gold,1.87,16.0,0,585,wedding,1068.57
327,П7412-001К14,gold,2.06,16.5,0,585,wedding,1177.15
328,П7412-001К14,gold,1.96,17.0,0,585,wedding,1120.0
329,П7412-001К14,gold,2.03,18.0,0,585,wedding,1160.0
330,П7412-001К14,gold,2.1,16.5,0,585,wedding,1200.0
331,П7412-001К14,gold,1.87,17.5,0,585,wedding,1068.57
332,П7412-001К14,gold,2.12,17.5,0,585,wedding,1211.43
333,П7412-001К14,gold,2.12,17.5,0,585,wedding,1211.43
334,П7412-001К14,gold,2.21,17.5,0,585,wedding,1262.86
335,П7412-001К14,gold,2.21,17.5,0,585,wedding,1262.86
336,П7412-001К14,gold,1.72,15.5,0,585,wedding,982.86
337,П7412-001К14,gold,1.72,15.5,0,585,wedding,982.86
338,П7412-001К14,gold,1.72,15.5,0,585,wedding,982.86
339,П7412-001К14,gold,1.72,15.5,0,585,wedding,982.86
340,П7412-001К14,gold,2.25,17.5,0,585,wedding,1285.72
341,П7412-001К14,gold,1.82,16.0,0,585,wedding,1040.0
342,П7412-001К14,gold,2.16,18.0,0,585,wedding,1234.29
343,П7412-001К14,gold,2.25,18.0,0,585,wedding,1285.72
344,П7412-001К14,gold,2.14,17.0,0,585,wedding,1222.86
345,П7412-001К14,gold,2.1,17.5,0,585,wedding,1200.0
346,П7412-001К14,gold,2.1,17.5,0,585,wedding,1200.0
347,П7412-001К14,gold,2.1,17.5,0,585,wedding,1200.0
348,П7412-001К14,gold,2.16,17.5,0,585,wedding,1234.29
349,П7412-001К14,gold,2.07,17.5,0,585,wedding,1182.86
350,П7412-001К14,gold,2.12,18.0,0,585,wedding,1211.43
351,П7412-001К14,gold,2.17,17.0,0,585,wedding,1240.0
352,П7412-001К14,gold,1.54,15.5,0,585,wedding,880.0
353,П7412-001К14,gold,1.61,15.5,0,585,wedding,920.0
354,П7412-001К14,gold,1.61,15.5,0,585,wedding,920.0
355,П7412-001К14,gold,1.62,15.5,0,585,wedding,925.72
356,П7412-001К14,gold,1.62,15.5,0,585,wedding,925.72
357,П7412-001К14,gold,1.69,17.0,0,585,wedding,965.72
358,П7412-001К14,gold,1.69,17.0,0,585,wedding,965.72
359,П7412-001К14,gold,1.69,17.0,0,585,wedding,965.72
360,П7412-001К14,gold,1.72,15.5,0,585,wedding,982.86
361,П7412-001К14,gold,1.76,16.0,0,585,wedding,1005.72
362,П7412-001К14,gold,1.76,17.0,0,585,wedding,1005.72
363,П7412-001К14,gold,1.77,16.0,0,585,wedding,1011.43
364,П7412-001К14,gold,1.79,17.0,0,585,wedding,1022.86
365,П7412-001К14,gold,1.87,15.0,0,585,wedding,1068.57
366,П7412-001К14,gold,1.9,17.0,0,585,wedding,1085.72
367,П7412-001К14,gold,1.91,15.0,0,585,wedding,1091.43
368,П7412-001К14,gold,1.94,16.5,0,585,wedding,1108.57
369,П7412-001К14,gold,1.95,17.0,0,585,wedding,1114.29
370,П7412-001К14,gold,1.96,16.5,0,585,wedding,1120.0
371,П7412-001К14,gold,1.96,16.5,0,585,wedding,1120.0
372,П7412-001К14,gold,1.96,17.0,0,585,wedding,1120.0
373,П7412-001К14,gold,1.97,15.0,0,585,wedding,1125.72
374,П7412-001К14,gold,1.99,17.5,0,585,wedding,1137.15
375,П7412-001К14,gold,2.03,16.5,0,585,wedding,1160.0
376,П7412-001К14,gold,2.04,17.5,0,585,wedding,1165.72
377,П7412-001К14,gold,2.04,17.5,0,585,wedding,1165.72
378,П7412-001К14,gold,2.04,17.5,0,585,wedding,1165.72
379,П7412-001К14,gold,2.06,16.5,0,585,wedding,1177.15
380,П7412-001К14,gold,2.06,16.5,0,585,wedding,1177.15
381,П7412-001К14,gold,2.06,16.5,0,585,wedding,1177.15
382,П7412-001К14,gold,2.07,17.5,0,585,wedding,1182.86
383,П7412-001К14,gold,2.08,16.5,0,585,wedding,1188.57
384,П7412-001К14,gold,2.08,16.5,0,585,wedding,1188.57
385,П7412-001К14,gold,2.08,17.5,0,585,wedding,1188.57
386,П7412-001К14,gold,2.08,17.5,0,585,wedding,1188.57
387,П7412-001К14,gold,2.09,16.5,0,585,wedding,1194.29
388,П7412-001К14,gold,2.09,16.5,0,585,wedding,1194.29
389,П7412-001К14,gold,2.09,18.0,0,585,wedding,1194.29
390,П7412-001К14,gold,2.12,16.5,0,585,wedding,1211.43
391,П7412-001К14,gold,2.12,16.5,0,585,wedding,1211.43
392,П7412-001К14,gold,2.12,17.5,0,585,wedding,1211.43
393,П7412-001К14,gold,2.12,17.5,0,585,wedding,1211.43
394,П7412-001К14,gold,2.12,18.0,0,585,wedding,1211.43
395,П7412-001К14,gold,2.12,18.0,0,585,wedding,1211.43
396,П7412-001К14,gold,2.12,18.0,0,585,wedding,1211.43
397,П7412-001К14,gold,2.15,18.0,0,585,wedding,1228.57
398,П7412-001К14,gold,2.15,18.0,0,585,wedding,1228.57
399,П7412-001К14,gold,2.15,18.0,0,585,wedding,1228.57
400,П7412-001К14,gold,2.15,18.0,0,585,wedding,1228.57
401,П7412-001К14,gold,2.17,18.0,0,585,wedding,1240.0
402,П7412-001К14,gold,2.17,18.0,0,585,wedding,1240.0
403,П7412-001К14,gold,2.17,18.0,0,585,wedding,1240.0
404,П7412-001К14,gold,2.17,18.0,0,585,wedding,1240.0
405,П7412-001К14,gold,2.26,18.5,0,585,wedding,1291.43
406,П7412-001К14,gold,2.35,19.5,0,585,wedding,1342.86
407,П7412-001К14,gold,2.39,19.5,0,585,wedding,1365.72
408,П7412-001К14,gold,2.41,20.0,0,585,wedding,1377.15
409,П7412-001К14,gold,2.58,20.5,0,585,wedding,1474.29
410,П7412-001К14,gold,2.62,21.0,0,585,wedding,1497.15
411,П7412-001К14,gold,2.65,20.5,0,585,wedding,1514.29
412,П7412-001К14,gold,2.67,21.0,0,585,wedding,1525.72
413,П7412-001К14,gold,1.75,17.0,0,585,wedding,1000.0
414,П7412-001К14,gold,1.78,17.0,0,585,wedding,1017.15
415,П7412-001К14,gold,1.81,17.0,0,585,wedding,1034.29
416,П7412-001К14,gold,1.81,17.0,0,585,wedding,1034.29
417,П7412-001К14,gold,1.85,17.0,0,585,wedding,1057.15
418,П7412-001К14,gold,1.88,17.0,0,585,wedding,1074.29
419,П7412-001К14,gold,1.9,17.0,0,585,wedding,1085.72
420,П7412-001К14,gold,1.92,16.5,0,585,wedding,1097.15
421,П7412-001К14,gold,1.92,17.0,0,585,wedding,1097.15
422,П7412-001К14,gold,1.93,16.5,0,585,wedding,1102.86
423,П7412-001К14,gold,1.93,16.5,0,585,wedding,1102.86
424,П7412-001К14,gold,1.93,17.5,0,585,wedding,1102.86
425,П7412-001К14,gold,1.94,16.5,0,585,wedding,1108.57
426,П7412-001К14,gold,1.94,17.0,0,585,wedding,1108.57
427,П7412-001К14,gold,1.94,17.0,0,585,wedding,1108.57
428,П7412-001К14,gold,1.95,17.5,0,585,wedding,1114.29
429,П7412-001К14,gold,1.96,17.0,0,585,wedding,1120.0
430,П7412-001К14,gold,1.97,16.5,0,585,wedding,1125.72
431,П7412-001К14,gold,1.97,17.0,0,585,wedding,1125.72
432,П7412-001К14,gold,1.98,17.0,0,585,wedding,1131.43
433,П7412-001К14,gold,1.99,16.5,0,585,wedding,1137.15
434,П7412-001К14,gold,2.0,17.0,0,585,wedding,1142.86
435,П7412-001К14,gold,2.01,16.5,0,585,wedding,1148.57
436,П7412-001К14,gold,2.01,17.0,0,585,wedding,1148.57
437,П7412-001К14,gold,2.11,17.5,0,585,wedding,1205.72
438,П7412-001К14,gold,2.11,17.5,0,585,wedding,1205.72
439,П7412-001К14,gold,2.11,17.5,0,585,wedding,1205.72
440,П7412-001К14,gold,2.13,17.5,0,585,wedding,1217.15
441,П7412-001К14,gold,2.15,17.5,0,585,wedding,1228.57
442,П7412-001К14,gold,2.15,17.5,0,585,wedding,1228.57
443,П7412-001К14,gold,2.17,17.5,0,585,wedding,1240.0
444,П7412-001К14,gold,2.17,18.0,0,585,wedding,1240.0
445,П7412-001К14,gold,2.18,18.0,0,585,wedding,1245.72
446,П7412-001К14,gold,2.18,18.0,0,585,wedding,1245.72
447,П7412-001К14,gold,2.19,18.0,0,585,wedding,1251.43
448,П7412-001К14,gold,2.2,17.5,0,585,wedding,1257.15
449,П7412-001К14,gold,2.21,18.0,0,585,wedding,1262.86
450,П7412-001К14,gold,2.24,17.5,0,585,wedding,1280.0
451,П7412-001К14,gold,2.28,18.0,0,585,wedding,1302.86
452,Т10001012,gold,2.18,21.5,0,585,wedding,924.93
453,Т10001012,gold,2.18,21.5,0,585,wedding,924.93
454,Т10001012,gold,2.19,21.5,0,585,wedding,929.17
455,Т10001012,gold,2.19,22.0,0,585,wedding,929.17
456,Т10001012,gold,2.19,22.0,0,585,wedding,1220.14
457,Т10001012,gold,2.21,22.5,0,585,wedding,937.66
458,Т10001012,gold,2.29,22.5,0,585,wedding,971.6
459,Т10001012,gold,2.34,23.0,0,585,wedding,992.82
460,Т10001012,gold,2.18,22.0,0,585,wedding,924.93
461,Т10001012,gold,2.21,22.0,0,585,wedding,937.66
462,Т10001012,gold,1.52,15.0,0,585,wedding,644.91
463,Т10001012,gold,2.04,20.5,0,585,wedding,865.53
464,Т10001012,gold,2.05,20.5,0,585,wedding,869.77
465,Т10001012,gold,2.07,21.0,0,585,wedding,878.26
466,Т10001012,gold,2.11,21.5,0,585,wedding,895.23
467,Т10001012,gold,2.12,21.0,0,585,wedding,1181.14
468,Т10001012,gold,2.14,21.5,0,585,wedding,1192.28
469,Т10001012,gold,2.14,21.5,0,585,wedding,907.96
470,Т10001012,gold,2.14,21.5,0,585,wedding,1192.28
471,Т10001012,gold,2.15,21.5,0,585,wedding,1197.85
472,Т10001012,gold,2.15,21.5,0,585,wedding,912.2
473,Т10001012,gold,2.15,21.5,0,585,wedding,912.2
474,Т10001012,gold,2.15,21.5,0,585,wedding,1197.85
475,Т10001012,gold,2.15,21.5,0,585,wedding,912.2
476,Т10001012,gold,2.16,21.5,0,585,wedding,916.44
477,Т10001012,gold,2.16,21.5,0,585,wedding,1203.42
478,Т10001012,gold,2.22,22.0,0,585,wedding,941.9
479,Т10001012,gold,2.23,22.0,0,585,wedding,946.14
480,Т10001012,gold,2.23,22.5,0,585,wedding,946.14
481,Т10001012,gold,2.27,22.5,0,585,wedding,963.12
482,Т10001012,gold,2.27,22.5,0,585,wedding,963.12
483,Т10001012,gold,2.27,22.5,0,585,wedding,1264.71
484,Т10001012,gold,2.27,22.5,0,585,wedding,963.12
485,Т10001012,gold,2.31,23.0,0,585,wedding,980.09
486,Т10001012,gold,2.31,23.0,0,585,wedding,980.09
487,Т10001012,gold,2.31,23.0,0,585,wedding,980.09
488,Т10001012,gold,2.32,23.0,0,585,wedding,984.33
489,Т10001012,gold,1.58,15.0,0,585,wedding,670.36
490,Т10001012,gold,1.59,15.0,0,585,wedding,674.61
491,Т10001012,gold,1.59,15.0,0,585,wedding,674.61
492,Т10001012,gold,1.59,15.0,0,585,wedding,674.61
493,Т10001012,gold,1.79,19.0,0,585,wedding,759.46
494,Т10001012,gold,1.86,20.0,0,585,wedding,1036.28
495,Т10001012,gold,1.93,18.5,0,585,wedding,818.86
496,Т10001012,gold,1.83,20.5,0,585,wedding,776.43
497,Т10001012,gold,2.13,23.0,0,585,wedding,903.72
498,Т10001012,gold,2.2,22.5,0,585,wedding,933.42
499,Т10001012,gold,1.98,21.0,0,585,wedding,840.07
500,Т10001012,gold,2.09,22.5,0,585,wedding,886.75
501,Т10001012,gold,2.09,22.5,0,585,wedding,1164.42
502,Т10001012,gold,2.15,23.0,0,585,wedding,1013.57
503,Т10001012,gold,2.06,22.0,0,585,wedding,874.02
504,Т10001012,gold,2.06,22.0,0,585,wedding,874.02
505,Т10001012,gold,1.8,20.0,0,585,wedding,763.7
506,Т10001012,gold,1.99,21.5,0,585,wedding,844.32
507,Т10001012,gold,1.99,21.5,0,585,wedding,1108.71
508,Т10001012,gold,1.99,21.5,0,585,wedding,1108.71
509,Т10001012,gold,2.18,23.0,0,585,wedding,924.93
510,Т10001012,gold,1.42,15.0,0,585,wedding,602.48
511,Т10001012,gold,1.46,15.0,0,585,wedding,688.29
512,Т10001012,gold,2.15,21.0,0,585,wedding,912.2
513,Т10001012,gold,1.9,21.0,0,585,wedding,806.13
514,Т10001012,gold,2.03,21.5,0,585,wedding,861.29
515,Т10001012,gold,1.59,15.5,0,585,wedding,885.85
516,Т10001012,gold,2.06,21.5,0,585,wedding,1147.71
517,Т10001012,gold,1.88,19.5,0,585,wedding,1047.42
518,Т10001012,gold,1.89,21.0,0,585,wedding,1052.99
519,66086,gold,1.32,16.0,0,585,engagement,489.14
520,6015010,gold,6.31,17.0,0,585,decorative,707.68
521,6015010,gold,6.88,18.0,0,585,decorative,722.76
522,6015010,gold,7.06,18.0,0,585,decorative,717.65
523,6015010,gold,7.1,18.0,0,585,decorative,717.65
524,6015010,gold,7.19,16.5,0,585,decorative,707.68
525,6015010,gold,7.27,16.5,0,585,decorative,714.7
526,6015010,gold,7.39,18.5,1,585,decorative,707.68
527,6015010,gold,7.42,18.5,0,585,decorative,717.65
528,6015010,gold,6.88,17.0,0,585,decorative,723.35
529,6015010,gold,7.04,17.5,0,585,decorative,723.35
530,6015010,gold,7.05,19.0,0,585,decorative,726.96
531,6015010,gold,6.28,17.0,0,585,decorative,720.28
532,6015010,gold,7.3,18.5,0,585,decorative,717.85
533,CC73900226773,gold,1.53,16.5,0,585,engagement,1422.67
534,CC73900226773,gold,1.59,15.5,0,585,engagement,1542.65
535,CC73900226773,gold,1.59,15.5,0,585,engagement,1332.01
536,CC73900226773,gold,1.61,15.5,0,585,engagement,1521.97
537,CC73900226773,gold,1.63,17.0,0,585,engagement,1530.49
538,CC73900226773,gold,1.66,16.5,0,585,engagement,1434.95
539,CC73900226773,gold,1.67,16.5,0,585,engagement,1465.76
540,CC73900226773,gold,1.69,16.0,0,585,engagement,1425.52
541,CC73900226773,gold,1.72,17.0,0,585,engagement,1591.34
542,П7302-003К95,gold,2.32,15.5,0,375,wedding,994.28
543,П7302-003К95,gold,2.32,15.5,0,375,wedding,961.15
544,П7302-003К95,gold,2.32,15.5,0,375,wedding,994.28
545,П7302-003К95,gold,2.34,15.5,0,375,wedding,969.44
546,П7302-003К95,gold,2.35,15.5,0,375,wedding,973.58
547,П7302-003К95,gold,2.4,16.0,0,375,wedding,994.3
548,П7302-003К95,gold,2.43,16.0,0,375,wedding,1006.72
549,П7302-003К95,gold,2.59,17.0,0,375,wedding,1073.01
550,П7302-003К95,gold,2.59,17.0,0,375,wedding,1073.01
551,П7302-003К95,gold,2.61,17.5,0,375,wedding,1081.3
552,П7302-003К95,gold,2.62,17.0,0,375,wedding,1085.44
553,П7302-003К95,gold,2.62,17.5,0,375,wedding,1085.44
554,П7302-003К95,gold,2.67,17.5,0,375,wedding,1106.15
555,П7302-003К95,gold,2.67,18.0,0,375,wedding,1106.15
556,П7302-003К95,gold,2.7,17.5,0,375,wedding,1118.58
557,П7302-003К95,gold,2.7,17.5,0,375,wedding,1157.14
558,П7302-003К95,gold,2.7,18.0,0,375,wedding,1118.58
559,П7302-003К95,gold,2.7,18.0,0,375,wedding,1157.14
560,П7302-003К95,gold,2.7,18.0,0,375,wedding,1118.58
561,П7302-003К95,gold,2.7,18.0,0,375,wedding,1118.58
562,П7302-003К95,gold,2.7,18.0,0,375,wedding,1157.14
563,П7302-003К95,gold,2.8,18.5,0,375,wedding,1160.01
564,П7302-003К95,gold,2.81,18.5,0,375,wedding,1164.15
565,П7302-003К95,gold,2.9,19.5,0,375,wedding,1242.85
566,П7302-003К95,gold,2.9,19.5,0,375,wedding,1242.85
567,П7302-003К95,gold,2.9,19.5,0,375,wedding,1242.85
568,П7302-003К95,gold,2.9,19.5,0,375,wedding,1201.44
569,П7302-003К95,gold,2.97,20.0,0,375,wedding,1272.85
570,П7302-003К95,gold,2.97,20.0,0,375,wedding,1272.85
571,П7302-003К95,gold,2.97,20.0,0,375,wedding,1272.85
572,П7302-003К95,gold,2.97,20.0,0,375,wedding,1272.85
573,П7302-003К95,gold,2.97,20.0,0,375,wedding,1272.85
574,П7302-003К95,gold,2.97,20.0,0,375,wedding,1272.85
575,П7302-003К95,gold,2.97,20.0,0,375,wedding,1272.85
576,П7302-003К95,gold,2.97,20.0,0,375,wedding,1272.85
577,П7302-003К95,gold,3.01,20.0,0,375,wedding,1247.01
578,П7302-003К95,gold,3.02,20.5,0,375,wedding,1294.28
579,П7302-003К95,gold,3.02,20.5,0,375,wedding,1251.16
580,П7302-003К95,gold,3.02,20.5,0,375,wedding,1294.28
581,П7302-003К95,gold,3.02,20.5,0,375,wedding,1294.28
582,П7302-003К95,gold,3.02,20.5,0,375,wedding,1294.28
583,П7302-003К95,gold,3.02,20.5,0,375,wedding,1294.28
584,П7302-003К95,gold,3.02,20.5,0,375,wedding,1294.28
585,П7302-003К95,gold,3.02,20.5,0,375,wedding,1294.28
586,П7302-003К95,gold,3.02,20.5,0,375,wedding,1294.28
587,П7302-003К95,gold,3.09,21.0,0,375,wedding,1324.28
588,П7302-003К95,gold,3.1,21.0,0,375,wedding,1284.3
589,П7302-003К95,gold,3.12,21.0,0,375,wedding,1292.58
590,П7302-003К95,gold,3.12,21.0,0,375,wedding,1337.14
591,П7302-003К95,gold,3.12,21.0,0,375,wedding,1292.58
592,П7302-003К95,gold,3.12,21.0,0,375,wedding,1337.14
593,П7302-003К95,gold,3.12,21.0,0,375,wedding,1337.14
594,П7302-003К95,gold,3.12,21.0,0,375,wedding,1337.14
595,П7302-003К95,gold,3.17,21.5,0,375,wedding,1313.3
596,П7302-003К95,gold,3.17,21.5,0,375,wedding,1358.57
597,П7302-003К95,gold,3.17,21.5,0,375,wedding,1313.3
598,П7302-003К95,gold,3.17,21.5,0,375,wedding,1358.57
599,П7302-003К95,gold,3.25,22.0,0,375,wedding,1392.85
600,П7302-003К95,gold,3.25,22.0,0,375,wedding,1392.85
601,П7302-003К95,gold,3.25,22.0,0,375,wedding,1392.85
602,П7302-003К95,gold,3.25,22.0,0,375,wedding,1392.85
603,П7302-003К95,gold,3.25,22.0,0,375,wedding,1392.85
604,П7302-003К95,gold,3.25,22.0,0,375,wedding,1392.85
605,П7302-003К95,gold,3.25,22.0,0,375,wedding,1346.44
606,П7302-003К95,gold,3.25,22.0,0,375,wedding,1392.85
607,П7302-003К95,gold,3.25,22.0,0,375,wedding,1392.85
608,П7302-003К95,gold,3.26,22.0,0,375,wedding,1397.14
609,П7302-003К95,gold,3.26,22.0,0,375,wedding,1350.59
610,П7302-003К95,gold,3.27,22.0,0,375,wedding,1354.73
611,П7302-003К95,gold,3.27,22.0,0,375,wedding,1354.73
612,П7302-003К95,gold,3.28,22.0,0,375,wedding,1358.87
613,П7302-003К95,gold,3.28,22.0,0,375,wedding,1358.87
614,П7302-003К95,gold,3.28,22.0,0,375,wedding,1358.87
615,П7302-003К95,gold,3.31,22.5,0,375,wedding,1418.57
616,П7302-003К95,gold,3.31,22.5,0,375,wedding,1418.57
617,П7302-003К95,gold,3.31,22.5,0,375,wedding,1418.57
618,П7302-003К95,gold,2.36,15.5,0,375,wedding,977.72
619,П7302-003К95,gold,2.41,16.0,0,375,wedding,998.44
620,П7302-003К95,gold,2.41,16.0,0,375,wedding,998.44
621,П7302-003К95,gold,2.42,16.0,0,375,wedding,1002.58
622,П7302-003К95,gold,2.42,16.0,0,375,wedding,1037.14
623,П7302-003К95,gold,2.46,16.0,0,375,wedding,1019.15
624,П7302-003К95,gold,2.46,16.0,0,375,wedding,1019.15
625,П7302-003К95,gold,2.46,16.0,0,375,wedding,1019.15
626,П7302-003К95,gold,2.48,16.5,0,375,wedding,1062.85
627,П7302-003К95,gold,2.48,16.5,0,375,wedding,1062.85
628,П7302-003К95,gold,2.64,17.5,0,375,wedding,1093.73
629,П7302-003К95,gold,2.64,17.5,0,375,wedding,1131.42
630,П7302-003К95,gold,2.71,18.0,0,375,wedding,1122.73
631,П7302-003К95,gold,2.71,18.0,0,375,wedding,1122.73
632,П7302-003К95,gold,2.72,18.0,0,375,wedding,1165.71
633,П7302-003К95,gold,2.72,18.0,0,375,wedding,1126.87
634,П7302-003К95,gold,2.72,18.0,0,375,wedding,1126.87
635,П7302-003К95,gold,2.72,18.0,0,375,wedding,1165.71
636,П7302-003К95,gold,2.72,18.0,0,375,wedding,1165.71
637,П7302-003К95,gold,2.8,19.0,0,375,wedding,1200.0
638,П7302-003К95,gold,2.8,19.0,0,375,wedding,1200.0
639,П7302-003К95,gold,2.83,19.0,0,375,wedding,1172.44
640,П7302-003К95,gold,2.84,19.0,0,375,wedding,1176.58
641,П7302-003К95,gold,2.88,19.0,0,375,wedding,1193.16
642,П7302-003К95,gold,3.0,20.5,0,375,wedding,1285.71
643,П7302-003К95,gold,3.0,20.5,0,375,wedding,1285.71
644,П7302-003К95,gold,3.0,20.5,0,375,wedding,1285.71
645,П7302-003К95,gold,3.0,20.5,0,375,wedding,1285.71
646,П7302-003К95,gold,3.03,20.5,0,375,wedding,1298.57
647,П7302-003К95,gold,3.03,20.5,0,375,wedding,1298.57
648,П7302-003К95,gold,3.03,20.5,0,375,wedding,1298.57
649,П7302-003К95,gold,3.03,20.5,0,375,wedding,1298.57
650,П7302-003К95,gold,3.03,20.5,0,375,wedding,1298.57
651,П7302-003К95,gold,3.04,20.5,0,375,wedding,1302.85
652,П7302-003К95,gold,3.04,20.5,0,375,wedding,1302.85
653,П7302-003К95,gold,3.04,20.5,0,375,wedding,1302.85
654,П7302-003К95,gold,3.04,20.5,0,375,wedding,1259.44
655,П7302-003К95,gold,3.12,20.5,0,375,wedding,1292.58
656,П7302-003К95,gold,3.12,20.5,0,375,wedding,1292.58
657,П7302-003К95,gold,3.12,20.5,0,375,wedding,1292.58
658,П7302-003К95,gold,3.14,21.5,0,375,wedding,1345.71
659,П7302-003К95,gold,3.14,21.5,0,375,wedding,1300.87
660,П7302-003К95,gold,3.14,21.5,0,375,wedding,1300.87
661,П7302-003К95,gold,3.16,21.5,0,375,wedding,1309.16
662,П7302-003К95,gold,3.16,21.5,0,375,wedding,1354.28
663,П7302-003К95,gold,3.16,21.5,0,375,wedding,1354.28
664,П7302-003К95,gold,3.21,21.5,0,375,wedding,1329.87
665,П7302-003К95,gold,3.21,21.5,0,375,wedding,1375.71
666,П7302-003К95,gold,3.31,22.0,0,375,wedding,1371.3
667,П7302-003К95,gold,3.31,22.0,0,375,wedding,1371.3
668,П7302-003К95,gold,2.55,17.0,0,375,wedding,1092.85
669,П7302-003К95,gold,2.55,17.0,0,375,wedding,1092.85
670,П7302-003К95,gold,2.56,17.0,0,375,wedding,1060.58
671,П7302-003К95,gold,2.58,17.0,0,375,wedding,1105.71
672,П7302-003К95,gold,2.58,17.0,0,375,wedding,1105.71
673,П7302-003К95,gold,2.58,17.0,0,375,wedding,1105.71
674,П7302-003К95,gold,2.77,18.5,0,375,wedding,1147.58
675,П7302-003К95,gold,2.78,18.5,0,375,wedding,1191.42
676,П7302-003К95,gold,2.78,18.5,0,375,wedding,1191.42
677,П7302-003К95,gold,2.78,18.5,0,375,wedding,1191.42
678,П7302-003К95,gold,2.78,18.5,0,375,wedding,1191.42
679,П7302-003К95,gold,2.78,18.5,0,375,wedding,1151.73
680,П7302-003К95,gold,2.78,18.5,0,375,wedding,1191.42
681,П7302-003К95,gold,2.79,18.5,0,375,wedding,1155.87
682,П7302-003К95,gold,2.79,18.5,0,375,wedding,1155.87
683,П7302-003К95,gold,2.79,18.5,0,375,wedding,1155.87
684,П7302-003К95,gold,2.79,18.5,0,375,wedding,1195.71
685,П7302-003К95,gold,2.93,19.5,0,375,wedding,1255.71
686,П7302-003К95,gold,2.93,19.5,0,375,wedding,1213.87
687,П7302-003К95,gold,2.93,19.5,0,375,wedding,1255.71
688,П7302-003К95,gold,2.94,19.5,0,375,wedding,1218.01
689,П7302-003К95,gold,2.94,19.5,0,375,wedding,1218.01
690,П7302-003К95,gold,2.95,19.5,0,375,wedding,1222.16
691,П7302-003К95,gold,3.04,20.0,0,375,wedding,1259.44
692,П7302-003К95,gold,3.18,21.0,0,375,wedding,1317.44
693,П7302-003К95,gold,3.18,21.0,0,375,wedding,1317.44
694,П7302-003К95,gold,3.18,21.0,0,375,wedding,1317.44
695,П7302-003К95,gold,3.35,22.5,0,375,wedding,1387.87
696,П7302-003К95,gold,3.36,22.5,0,375,wedding,1392.01
697,П7302-003К95,gold,3.36,22.5,0,375,wedding,1392.01
698,П7302-003К95,gold,3.36,23.0,0,375,wedding,1392.01
699,П7302-003К95,gold,3.4,23.0,0,375,wedding,1457.14
700,П7302-003К95,gold,3.4,23.0,0,375,wedding,1457.14
701,П7302-003К95,gold,3.4,23.0,0,375,wedding,1457.14
702,П7302-003К95,gold,3.4,23.0,0,375,wedding,1408.59
703,П7302-003К95,gold,3.4,23.0,0,375,wedding,1408.59
704,П7302-003К95,gold,3.4,23.0,0,375,wedding,1457.14
705,П7302-003К95,gold,3.4,23.0,0,375,wedding,1457.14
706,П7302-003К95,gold,2.44,16.0,0,375,wedding,1010.87
707,П7302-003К95,gold,2.45,16.0,0,375,wedding,1050.0
708,П7302-003К95,gold,2.45,16.0,0,375,wedding,1015.01
709,П7302-003К95,gold,2.95,20.0,0,375,wedding,1264.28
710,П7302-003К95,gold,2.96,20.0,0,375,wedding,1268.57
711,П7302-003К95,gold,2.96,20.0,0,375,wedding,1268.57
712,П7302-003К95,gold,2.96,20.0,0,375,wedding,1268.57
713,П7302-003К95,gold,2.96,20.0,0,375,wedding,1268.57
714,П7302-003К95,gold,2.96,20.0,0,375,wedding,1226.3
715,П7302-003К95,gold,2.96,20.0,0,375,wedding,1268.57
716,П7302-003К95,gold,2.96,20.0,0,375,wedding,1268.57
717,П7302-003К95,gold,2.96,20.0,0,375,wedding,1268.57
718,П7302-003К95,gold,2.96,20.0,0,375,wedding,1268.57
719,П7302-003К95,gold,2.27,15.5,0,375,wedding,972.85
720,П7302-003К95,gold,2.27,15.5,0,375,wedding,972.85
721,П7302-003К95,gold,2.27,15.5,0,375,wedding,972.85
722,П7302-003К95,gold,2.27,15.5,0,375,wedding,972.85
723,П7302-003К95,gold,2.42,15.5,0,375,wedding,1002.58
724,П7302-003К95,gold,2.42,15.5,0,375,wedding,1002.58
725,П7302-003К95,gold,2.42,15.5,0,375,wedding,1002.58
726,П7302-003К95,gold,3.45,23.0,0,375,wedding,1429.3
727,П7302-003К95,gold,3.45,23.0,0,375,wedding,1429.3
728,П7302-003К95,gold,3.46,23.0,0,375,wedding,1433.44
729,П7302-003К95,gold,3.46,23.0,0,375,wedding,1433.44
730,П7302-003К95,gold,3.05,20.5,0,375,wedding,1307.14
731,П7302-003К95,gold,3.05,20.5,0,375,wedding,1307.14
732,П7302-003К95,gold,3.05,20.5,0,375,wedding,1307.14
733,П7302-003К95,gold,3.05,20.5,0,375,wedding,1307.14
734,П7302-003К95,gold,3.05,20.5,0,375,wedding,1307.14
735,П7302-003К95,gold,3.05,20.5,0,375,wedding,1307.14
736,П7302-003К95,gold,3.05,20.5,0,375,wedding,1307.14
737,П7302-003К95,gold,3.05,20.5,0,375,wedding,1307.14
738,П7302-003К95,gold,3.05,20.5,0,375,wedding,1307.14
739,П7302-003К95,gold,3.11,21.0,0,375,wedding,1332.85
740,П7302-003К95,gold,3.11,21.0,0,375,wedding,1332.85
741,П7302-003К95,gold,3.11,21.0,0,375,wedding,1332.85
742,П7302-003К95,gold,3.22,21.5,0,375,wedding,1334.01
743,П7302-003К95,gold,3.22,21.5,0,375,wedding,1334.01
744,П7302-003К95,gold,3.22,21.5,0,375,wedding,1334.01
745,П7302-003К95,gold,3.22,21.5,0,375,wedding,1380.0
746,П7302-003К95,gold,3.27,21.5,0,375,wedding,1354.73
747,П7302-003К95,gold,3.34,22.5,0,375,wedding,1383.73
748,П7302-003К95,gold,2.79,19.0,0,375,wedding,1155.87
749,П7302-003К95,gold,2.39,16.5,0,375,wedding,1024.28
750,П7302-003К95,gold,3.17,21.0,0,375,wedding,1313.3
751,П7302-003К95,gold,3.17,21.0,0,375,wedding,1358.57
752,П7302-003К95,gold,3.21,21.0,0,375,wedding,1329.87
753,П7302-003К95,gold,3.21,21.0,0,375,wedding,1329.87
754,П7302-003К95,gold,2.92,20.0,0,375,wedding,1209.73
755,П7302-003К95,gold,3.2,21.0,0,375,wedding,1325.73
756,П7302-003К95,gold,3.2,21.0,0,375,wedding,1325.73
757,П7302-003К95,gold,3.2,21.0,0,375,wedding,1325.73
758,П7302-003К95,gold,3.2,21.0,0,375,wedding,1325.73
759,П7302-003К95,gold,2.85,19.0,0,375,wedding,1221.42
760,П7302-003К95,gold,2.85,19.0,0,375,wedding,1221.42
761,П7302-003К95,gold,2.85,19.0,0,375,wedding,1221.42
762,П7302-003К95,gold,2.85,19.0,0,375,wedding,1221.42
763,П7302-003К95,gold,2.85,19.0,0,375,wedding,1221.42
764,П7302-003К95,gold,2.85,19.0,0,375,wedding,1221.42
765,П7302-003К95,gold,2.46,16.5,0,375,wedding,1054.28
766,П7302-003К95,gold,2.46,16.5,0,375,wedding,1054.28
767,П7302-003К95,gold,2.46,16.5,0,375,wedding,1054.28
768,П7302-003К95,gold,2.46,16.5,0,375,wedding,1054.28
769,П7302-003К95,gold,2.46,16.5,0,375,wedding,1054.28
770,П7302-003К95,gold,2.46,16.5,0,375,wedding,1054.28
771,П7302-003К95,gold,2.46,16.5,0,375,wedding,1019.15
772,П7302-003К95,gold,2.46,16.5,0,375,wedding,1054.28
773,П7302-003К95,gold,3.28,22.5,0,375,wedding,1358.87
774,П7302-003К95,gold,3.32,22.5,0,375,wedding,1375.44
775,П7302-003К95,gold,3.32,22.5,0,375,wedding,1422.85
776,П7302-003К95,gold,3.32,22.5,0,375,wedding,1422.85
777,П7302-003К95,gold,3.32,22.5,0,375,wedding,1422.85
778,П7302-003К95,gold,3.32,22.5,0,375,wedding,1375.44
779,П7302-003К95,gold,3.32,22.5,0,375,wedding,1422.85
780,П7302-003К95,gold,3.39,23.0,0,375,wedding,1404.44
781,П7302-003К95,gold,3.39,23.0,0,375,wedding,1404.44
782,П7302-003К95,gold,3.39,23.0,0,375,wedding,1452.85
783,П7302-003К95,gold,3.06,20.5,0,375,wedding,1311.42
784,П7302-003К95,gold,2.59,17.5,0,375,wedding,1110.0
785,П7302-003К95,gold,2.59,17.5,0,375,wedding,1110.0
786,П7302-003К95,gold,2.59,17.5,0,375,wedding,1110.0
787,П7302-003К95,gold,3.26,21.5,0,375,wedding,1350.59
788,П7302-003К95,gold,3.26,21.5,0,375,wedding,1350.59
789,П7302-003К95,gold,2.73,18.5,0,375,wedding,1131.01
790,П7302-003К95,gold,2.74,18.5,0,375,wedding,1135.15
791,П7302-003К95,gold,2.6,17.0,0,375,wedding,1077.15
792,П7302-003К95,gold,2.82,18.5,0,375,wedding,1168.3
793,П7302-003К95,gold,2.82,18.5,0,375,wedding,1168.3
794,П7302-003К95,gold,2.82,18.5,0,375,wedding,1168.3
795,П7302-003К95,gold,2.64,18.0,0,375,wedding,1131.42
796,П7302-003К95,gold,2.64,18.0,0,375,wedding,1093.73
797,П7302-003К95,gold,2.61,17.0,0,375,wedding,1081.3
798,П7302-003К95,gold,2.61,17.0,0,375,wedding,1081.3
799,П7302-003К95,gold,2.9,19.0,0,375,wedding,1201.44
800,П7302-003К95,gold,3.02,20.0,0,375,wedding,1251.16
801,П7302-003К95,gold,3.36,22.0,0,375,wedding,1392.01
802,П7302-003К95,gold,2.88,19.5,0,375,wedding,1193.16
803,П7302-003К95,gold,3.48,23.0,0,375,wedding,1441.73
804,П7302-003К95,gold,3.49,23.0,0,375,wedding,1495.71
805,П7302-003К95,gold,2.3,15.5,0,375,wedding,985.71
806,П7302-003К95,gold,2.54,16.5,0,375,wedding,1052.3
807,П7302-003К95,gold,3.23,21.5,0,375,wedding,1384.28
808,П7302-003К95,gold,3.23,21.5,0,375,wedding,1384.28
809,П7302-003К95,gold,2.69,17.5,0,375,wedding,1114.44
810,П7302-003К95,gold,2.69,17.5,0,375,wedding,1114.44
811,П7302-003К95,gold,3.33,22.0,0,375,wedding,1379.59
812,П7302-003К95,gold,3.16,21.0,0,375,wedding,1354.28
813,П7302-003К95,gold,3.16,21.0,0,375,wedding,1354.28
814,П7302-003К95,gold,3.37,22.5,0,375,wedding,1444.28
815,П7302-003К95,gold,3.37,22.5,0,375,wedding,1396.16
816,П7302-003К95,gold,2.66,18.0,0,375,wedding,1102.01
817,П7302-003К95,gold,2.66,18.0,0,375,wedding,1102.01
818,П7302-003К95,gold,2.35,15.0,0,375,wedding,973.58
819,П7302-003К95,gold,2.39,15.5,0,375,wedding,990.15
820,П7302-003К95,gold,3.03,20.0,0,375,wedding,1255.3
821,П7302-003К95,gold,3.03,20.0,0,375,wedding,1255.3
822,П7302-003К95,gold,3.03,20.0,0,375,wedding,1255.3
823,П7302-003К95,gold,2.8,19.5,0,375,wedding,1200.0
824,П7302-003К95,gold,2.8,19.5,0,375,wedding,1200.0
825,П7302-003К95,gold,2.8,19.5,0,375,wedding,1200.0
826,П7302-003К95,gold,2.8,19.5,0,375,wedding,1200.0
827,П7302-003К95,gold,2.8,19.5,0,375,wedding,1200.0
828,П7302-003К95,gold,2.84,19.5,0,375,wedding,1217.14
829,П7302-003К95,gold,2.41,15.5,0,375,wedding,998.44
830,П7302-003К95,gold,2.72,18.5,0,375,wedding,1126.87
831,П7302-003К95,gold,2.72,18.5,0,375,wedding,1126.87
832,П7302-003К95,gold,2.72,18.5,0,375,wedding,1165.71
833,П7302-003К95,gold,3.13,20.5,0,375,wedding,1296.73
834,П7302-003К95,gold,3.13,20.5,0,375,wedding,1296.73
835,П7302-003К95,gold,3.47,23.0,0,375,wedding,1487.14
836,П7302-003К95,gold,3.38,22.5,0,375,wedding,1400.3
837,П7302-003К95,gold,2.65,17.5,0,375,wedding,1135.71
838,П7302-003К95,gold,2.65,17.5,0,375,wedding,1097.87
839,П7302-003К95,gold,2.94,19.0,0,375,wedding,1218.01
840,П7302-003К95,gold,3.14,21.0,0,375,wedding,1300.87
841,П7302-003К95,gold,3.15,21.0,0,375,wedding,1350.0
842,П7302-003К95,gold,3.15,21.0,0,375,wedding,1350.0
843,П7302-003К95,gold,3.15,21.0,0,375,wedding,1350.0
844,П7302-003К95,gold,3.15,21.0,0,375,wedding,1350.0
845,П7302-003К95,gold,2.95,19.0,0,375,wedding,1222.16
846,П7302-003К95,gold,3.41,23.0,0,375,wedding,1412.73
847,П7302-003К95,gold,3.41,23.0,0,375,wedding,1461.42
848,П7302-003К95,gold,2.98,20.0,0,375,wedding,1277.14
849,П7302-003К95,gold,2.98,20.0,0,375,wedding,1277.14
850,П7302-003К95,gold,2.98,20.0,0,375,wedding,1277.14
851,П7302-003К95,gold,2.98,20.0,0,375,wedding,1234.58
852,П7302-003К95,gold,2.98,20.0,0,375,wedding,1277.14
853,П7302-003К95,gold,2.98,20.0,0,375,wedding,1277.14
854,П7302-003К95,gold,2.98,20.0,0,375,wedding,1277.14
855,П7302-003К95,gold,2.26,15.5,0,375,wedding,968.57
856,П7302-003К95,gold,2.26,15.5,0,375,wedding,968.57
857,П7302-003К95,gold,2.26,15.5,0,375,wedding,968.57
858,П7302-003К95,gold,2.33,16.0,0,375,wedding,998.57
859,П7302-003К95,gold,2.46,17.0,0,375,wedding,1054.28
860,П7302-003К95,gold,2.46,17.0,0,375,wedding,1054.28
861,П7302-003К95,gold,2.46,17.0,0,375,wedding,1054.28
862,П7302-003К95,gold,2.46,17.0,0,375,wedding,1054.28
863,П7302-003К95,gold,2.46,17.0,0,375,wedding,1054.28
864,П7302-003К95,gold,2.46,17.0,0,375,wedding,1054.28
865,П7302-003К95,gold,2.46,17.0,0,375,wedding,1054.28
866,П7302-003К95,gold,2.46,17.0,0,375,wedding,1054.28
867,П7302-003К95,gold,2.56,17.5,0,375,wedding,1097.14
868,П7302-003К95,gold,2.57,17.5,0,375,wedding,1101.42
869,П7302-003К95,gold,2.57,17.5,0,375,wedding,1101.42
870,П7302-003К95,gold,2.88,20.0,0,375,wedding,1234.28
871,П7302-003К95,gold,2.88,20.0,0,375,wedding,1234.28
872,П7302-003К95,gold,2.88,20.0,0,375,wedding,1234.28
873,П7302-003К95,gold,2.88,20.0,0,375,wedding,1234.28
874,П7302-003К95,gold,2.94,20.5,0,375,wedding,1260.0
875,П7302-003К95,gold,2.94,20.5,0,375,wedding,1260.0
876,П7302-003К95,gold,3.06,21.5,0,375,wedding,1311.42
877,П7302-003К95,gold,3.07,21.5,0,375,wedding,1315.71
878,П7302-003К95,gold,2.45,17.0,0,375,wedding,1050.0
879,П7302-003К95,gold,2.78,19.0,0,375,wedding,1191.42
880,П7302-003К95,gold,3.15,22.0,0,375,wedding,1350.0
881,П7302-003К95,gold,3.32,23.0,0,375,wedding,1422.85
882,П7302-003К95,gold,2.41,23.0,0,375,wedding,1032.85
883,П7302-003К95,gold,2.87,20.0,0,375,wedding,1230.0
884,П7302-003К95,gold,2.87,20.0,0,375,wedding,1230.0
885,П7302-003К95,gold,3.22,22.5,0,375,wedding,1380.0
886,П7302-003К95,gold,3.13,22.0,0,375,wedding,1341.42
887,П7302-003К95,gold,2.92,20.5,0,375,wedding,1251.42
888,П7302-003К95,gold,2.25,15.0,0,375,wedding,964.28
889,П7302-003К95,gold,2.25,15.0,0,375,wedding,964.28
890,П7302-003К95,gold,2.25,15.0,0,375,wedding,964.28
891,П7302-003К95,gold,2.25,15.0,0,375,wedding,964.28
892,П7302-003К95,gold,2.31,15.5,0,375,wedding,990.0
893,П7302-003К95,gold,2.31,15.5,0,375,wedding,990.0
894,П7302-003К95,gold,2.31,15.5,0,375,wedding,990.0
895,П7302-003К95,gold,3.02,21.5,0,375,wedding,1294.28
896,П7302-003К95,gold,3.02,21.5,0,375,wedding,1294.28
897,П7302-003К95,gold,3.0,21.5,0,375,wedding,1285.71
898,П7302-003К95,gold,3.03,21.5,0,375,wedding,1298.57
899,П7302-003К95,gold,2.38,16.0,0,375,wedding,1020.0
900,П7302-003К95,gold,2.38,16.0,0,375,wedding,1020.0
901,П7302-003К95,gold,2.38,16.0,0,375,wedding,1020.0
902,П7302-003К95,gold,2.38,16.0,0,375,wedding,1020.0
903,П7302-003К95,gold,2.38,16.0,0,375,wedding,1020.0
904,П7302-003К95,gold,2.85,20.0,0,375,wedding,1221.42
905,П7302-003К95,gold,2.92,19.5,0,375,wedding,1251.42
906,П7302-003К95,gold,2.92,19.5,0,375,wedding,1251.42
907,П7302-003К95,gold,2.92,19.5,0,375,wedding,1251.42
908,П7302-003К95,gold,2.92,19.5,0,375,wedding,1251.42
909,П7302-003К95,gold,2.92,19.5,0,375,wedding,1251.42
910,П7302-003К95,gold,2.92,19.5,0,375,wedding,1251.42
911,П7302-003К95,gold,2.54,17.0,0,375,wedding,1088.57
912,П7302-003К95,gold,2.92,21.0,0,375,wedding,1710.27
913,П7302-003К95,gold,2.92,21.0,0,375,wedding,1251.42
914,П7302-003К95,gold,2.92,21.0,0,375,wedding,1251.42
915,П7302-003К95,gold,2.69,18.0,0,375,wedding,1152.85
916,П7302-003К95,gold,2.39,16.0,0,375,wedding,1024.28
917,П7302-003К95,gold,2.39,16.0,0,375,wedding,1024.28
918,П7302-003К95,gold,2.99,20.5,0,375,wedding,1281.42
919,П7302-003К95,gold,2.91,20.0,0,375,wedding,1247.14
920,П7302-003К95,gold,2.58,17.5,0,375,wedding,1105.71
921,П7302-003К95,gold,2.58,17.5,0,375,wedding,1105.71
922,П7302-003К95,gold,3.15,21.5,0,375,wedding,1350.0
923,П7302-003К95,gold,3.15,21.5,0,375,wedding,1350.0
924,П7302-003К95,gold,2.57,17.0,0,375,wedding,1101.42
925,П7302-003К95,gold,2.28,15.5,0,375,wedding,977.14
926,П7302-003К95,gold,2.28,15.5,0,375,wedding,977.14
927,П7302-003К95,gold,2.28,15.5,0,375,wedding,977.14
928,П7302-003К95,gold,2.35,16.5,0,375,wedding,1007.14
929,П7302-003К95,gold,2.35,16.5,0,375,wedding,1007.14
930,П7302-003К95,gold,2.63,18.5,0,375,wedding,1127.14
931,П7302-003К95,gold,2.63,18.5,0,375,wedding,1127.14
932,П7302-003К95,gold,2.63,18.5,0,375,wedding,1127.14
933,П7302-003К95,gold,2.63,18.5,0,375,wedding,1127.14
934,П7302-003К95,gold,2.63,18.5,0,375,wedding,1127.14
935,П7302-003К95,gold,2.63,18.5,0,375,wedding,1127.14
936,П7302-003К95,gold,2.63,18.5,0,375,wedding,1127.14
937,П7302-003К95,gold,3.24,22.0,0,375,wedding,1388.57
938,П7302-003К95,gold,3.24,22.0,0,375,wedding,1388.57
939,П7302-003К95,gold,3.24,22.0,0,375,wedding,1388.57
940,П7302-003К95,gold,3.24,22.0,0,375,wedding,1388.57
941,П7302-003К95,gold,2.91,19.5,0,375,wedding,1247.14
942,П7302-003К95,gold,2.91,19.5,0,375,wedding,1247.14
943,П7302-003К95,gold,2.91,19.5,0,375,wedding,1247.14
944,П7302-003К95,gold,2.91,19.5,0,375,wedding,1247.14
945,П7302-003К95,gold,2.91,19.5,0,375,wedding,1247.14
946,П7302-003К95,gold,2.91,19.5,0,375,wedding,1247.14
947,П7302-003К95,gold,2.91,19.5,0,375,wedding,1247.14
948,П7302-003К95,gold,2.91,19.5,0,375,wedding,1247.14
949,П7302-003К95,gold,2.91,19.5,0,375,wedding,1247.14
950,П7302-003К95,gold,2.91,19.5,0,375,wedding,1247.14
951,П7302-003К95,gold,2.91,19.5,0,375,wedding,1247.14
952,П7302-003К95,gold,2.91,19.5,0,375,wedding,1247.14
953,П7302-003К95,gold,2.91,19.5,0,375,wedding,1247.14
954,П7302-003К95,gold,2.5,17.5,0,375,wedding,1071.43
955,П7302-003К95,gold,2.5,17.5,0,375,wedding,1071.43
956,П7302-003К95,gold,2.5,17.5,0,375,wedding,1071.43
957,П7302-003К95,gold,2.9,20.0,0,375,wedding,1242.85
958,П7302-003К95,gold,2.9,20.0,0,375,wedding,1242.85
959,П7302-003К95,gold,2.36,16.5,0,375,wedding,1011.43
960,П7302-003К95,gold,2.36,16.5,0,375,wedding,1011.43
961,П7302-003К95,gold,2.36,16.5,0,375,wedding,1011.43
962,П7302-003К95,gold,2.36,16.5,0,375,wedding,1011.43
963,П7302-003К95,gold,2.29,15.5,0,375,wedding,981.43
964,П7302-003К95,gold,2.46,17.5,0,375,wedding,1054.28
965,П7302-003К95,gold,2.46,17.5,0,375,wedding,1054.28
966,П7302-003К95,gold,2.47,17.5,0,375,wedding,1058.57
967,П7302-003К95,gold,2.47,17.5,0,375,wedding,1058.57
968,П7302-003К95,gold,2.47,17.5,0,375,wedding,1058.57
969,П7302-003К95,gold,2.47,17.5,0,375,wedding,1058.57
970,П7302-003К95,gold,2.47,17.5,0,375,wedding,1058.57
971,П7302-003К95,gold,2.98,20.5,0,375,wedding,1277.14
972,П7302-003К95,gold,2.98,20.5,0,375,wedding,1277.14
973,П7302-003К95,gold,2.49,17.5,0,375,wedding,1067.14
974,П7302-003К95,gold,2.67,19.0,0,375,wedding,1144.28
975,П7302-003К95,gold,2.67,19.0,0,375,wedding,1144.28
976,П7302-003К95,gold,2.67,19.0,0,375,wedding,1144.28
977,П7302-003К95,gold,2.67,19.0,0,375,wedding,1144.28
978,П7302-003К95,gold,2.67,19.0,0,375,wedding,1144.28
979,П7302-003К95,gold,2.67,19.0,0,375,wedding,1144.28
980,П7302-003К95,gold,2.67,19.0,0,375,wedding,1144.28
981,П7302-003К95,gold,3.13,21.0,0,375,wedding,1341.42
982,П7302-003К95,gold,3.13,21.0,0,375,wedding,1341.42
983,П7302-003К95,gold,2.27,16.0,0,375,wedding,972.85
984,П7302-003К95,gold,2.27,16.0,0,375,wedding,972.85
985,П7302-003К95,gold,2.35,16.0,0,375,wedding,1007.14
986,П7302-003К95,gold,2.35,16.0,0,375,wedding,1007.14
987,П7302-003К95,gold,2.35,16.0,0,375,wedding,1007.14
988,П7302-003К95,gold,2.35,16.0,0,375,wedding,1007.14
989,П7302-003К95,gold,2.35,16.0,0,375,wedding,1007.14
990,П7302-003К95,gold,2.66,19.0,0,375,wedding,1140.0
991,П7302-003К95,gold,2.66,19.0,0,375,wedding,1140.0
992,П7302-003К95,gold,2.66,19.0,0,375,wedding,1140.0
993,П7302-003К95,gold,2.66,19.0,0,375,wedding,1140.0
994,П7302-003К95,gold,2.66,19.0,0,375,wedding,1140.0
995,П7302-003К95,gold,2.44,17.0,0,375,wedding,1045.71
996,П7302-003К95,gold,2.44,17.0,0,375,wedding,1045.71
997,П7302-003К95,gold,2.44,17.0,0,375,wedding,1045.71
998,П7302-003К95,gold,2.44,17.0,0,375,wedding,1045.71
999,П7302-003К95,gold,2.44,17.0,0,375,wedding,1045.71
1000,П7302-003К95,gold,2.54,18.0,0,375,wedding,1088.57
1001,П7302-003К95,gold,2.54,18.0,0,375,wedding,1088.57
1002,П7302-003К95,gold,2.54,18.0,0,375,wedding,1088.57
1003,П7302-003К95,gold,2.54,18.0,0,375,wedding,1088.57
1004,П7302-003К95,gold,2.62,18.5,0,375,wedding,1122.85
1005,П7302-003К95,gold,2.62,18.5,0,375,wedding,1122.85
1006,П7302-003К95,gold,2.62,18.5,0,375,wedding,1122.85
1007,П7302-003К95,gold,2.68,19.0,0,375,wedding,1148.57
1008,П7302-003К95,gold,2.68,19.0,0,375,wedding,1148.57
1009,П7302-003К95,gold,2.68,19.0,0,375,wedding,1148.57
1010,П7302-003К95,gold,2.68,19.0,0,375,wedding,1148.57
1011,П7302-003К95,gold,2.68,19.0,0,375,wedding,1148.57
1012,П7302-003К95,gold,2.68,19.0,0,375,wedding,1148.57
1013,П7302-003К95,gold,2.34,16.0,0,375,wedding,1002.85
1014,П7302-003К95,gold,2.34,16.0,0,375,wedding,1002.85
1015,П7302-003К95,gold,2.34,16.0,0,375,wedding,1002.85
1016,П7302-003К95,gold,2.47,17.0,0,375,wedding,1058.57
1017,П7302-003К95,gold,2.47,17.0,0,375,wedding,1058.57
1018,П7302-003К95,gold,2.47,17.0,0,375,wedding,1058.57
1019,П7302-003К95,gold,2.55,18.0,0,375,wedding,1092.85
1020,П7302-003К95,gold,2.55,18.0,0,375,wedding,1092.85
1021,П7302-003К95,gold,2.55,18.0,0,375,wedding,1092.85
1022,П7302-003К95,gold,2.55,18.0,0,375,wedding,1092.85
1023,П7302-003К95,gold,2.55,18.0,0,375,wedding,1092.85
1024,П7302-003К95,gold,2.64,18.5,0,375,wedding,1131.42
1025,П7302-003К95,gold,2.64,18.5,0,375,wedding,1131.42
1026,П7302-003К95,gold,2.64,18.5,0,375,wedding,1131.42
1027,П7302-003К95,gold,2.64,18.5,0,375,wedding,1131.42
1028,П7302-003К95,gold,2.32,16.0,0,375,wedding,994.28
1029,П7302-003К95,gold,2.43,17.0,0,375,wedding,1041.43
1030,П7302-003К95,gold,2.43,17.0,0,375,wedding,1041.43
1031,П7302-003К95,gold,2.43,17.0,0,375,wedding,1041.43
1032,П7302-003К95,gold,2.43,17.0,0,375,wedding,1041.43
1033,П7302-003К95,gold,2.53,18.0,0,375,wedding,1084.28
1034,П7302-003К95,gold,2.53,18.0,0,375,wedding,1084.28
1035,П7302-003К95,gold,2.53,18.0,0,375,wedding,1084.28
1036,П7302-003К95,gold,2.53,18.0,0,375,wedding,1084.28
1037,П7302-003К95,gold,2.65,19.0,0,375,wedding,1135.71
1038,П7302-003К95,gold,2.24,15.0,0,375,wedding,960.0
1039,П7302-003К95,gold,2.24,15.0,0,375,wedding,960.0
1040,П7302-003К95,gold,2.24,15.0,0,375,wedding,960.0
1041,П7302-003К95,gold,2.29,16.0,0,375,wedding,981.43
1042,П7302-003К95,gold,2.29,16.0,0,375,wedding,981.43
1043,П7302-003К95,gold,2.29,16.0,0,375,wedding,981.43
1044,П7302-003К95,gold,2.48,18.0,0,375,wedding,1062.85
1045,П7302-003К95,gold,2.48,18.0,0,375,wedding,1062.85
1046,П7302-003К95,gold,2.48,18.0,0,375,wedding,1062.85
1047,П7302-003К95,gold,2.41,17.0,0,375,wedding,1032.85
1048,П7302-003К95,gold,2.41,17.0,0,375,wedding,1032.85
1049,П7302-003К95,gold,2.41,17.0,0,375,wedding,1032.85
1050,П7302-003К95,gold,2.41,17.0,0,375,wedding,1032.85
1051,П7302-003К95,gold,2.7,19.0,0,375,wedding,1157.14
1052,П7302-003К95,gold,2.7,19.0,0,375,wedding,1157.14
1053,П7302-003К95,gold,3.11,21.5,0,375,wedding,1332.85
1054,П7302-003К95,gold,2.36,16.0,0,375,wedding,1011.43
1055,П7302-003К95,gold,2.36,16.0,0,375,wedding,1011.43
1056,П7302-003К95,gold,2.36,16.0,0,375,wedding,1011.43
1057,П7302-003К95,gold,2.36,16.0,0,375,wedding,1011.43
1058,П7302-003К95,gold,2.36,16.0,0,375,wedding,1011.43
1059,П7302-003К95,gold,2.36,16.0,0,375,wedding,1011.43
1060,П7302-003К95,gold,2.72,19.5,0,375,wedding,1165.71
1061,П7302-003К95,gold,2.72,19.5,0,375,wedding,1165.71
1062,П7302-003К95,gold,2.72,19.5,0,375,wedding,1165.71
1063,П7302-003К95,gold,2.76,19.5,0,375,wedding,1182.85
1064,П7302-003К95,gold,2.89,20.0,0,375,wedding,1238.57
1065,П7302-003К95,gold,2.55,17.5,0,375,wedding,1092.85
1066,П7302-003К95,gold,2.77,19.5,0,375,wedding,1187.14
1067,П7302-003К95,gold,2.77,19.5,0,375,wedding,1187.14
1068,П7302-003К95,gold,2.31,16.0,0,375,wedding,990.0
1069,П7302-003К95,gold,2.34,16.5,0,375,wedding,1002.85
1070,П7302-003К95,gold,2.34,16.5,0,375,wedding,1002.85
1071,П7302-003К95,gold,2.34,16.5,0,375,wedding,1002.85
1072,П7302-003К95,gold,2.34,16.5,0,375,wedding,1002.85
1073,П7302-003К95,gold,2.34,16.5,0,375,wedding,1002.85
1074,П7302-003К95,gold,2.34,16.5,0,375,wedding,1002.85
1075,П7302-003К95,gold,2.34,16.5,0,375,wedding,1002.85
1076,П7302-003К95,gold,2.52,17.5,0,375,wedding,1080.0
1077,П7302-003К95,gold,2.52,17.5,0,375,wedding,1080.0
1078,П7302-003К95,gold,2.52,17.5,0,375,wedding,1080.0
1079,П7302-003К95,gold,2.52,17.5,0,375,wedding,1080.0
1080,П7302-003К95,gold,2.52,17.5,0,375,wedding,1080.0
1081,П7302-003К95,gold,2.52,17.5,0,375,wedding,1080.0
1082,П7302-003К95,gold,2.72,19.0,0,375,wedding,1165.71
1083,П7302-003К95,gold,2.73,19.0,0,375,wedding,1170.0
1084,П7302-003К95,gold,2.73,19.0,0,375,wedding,1170.0
1085,П7302-003К95,gold,2.73,19.0,0,375,wedding,1170.0
1086,П7302-003К95,gold,2.73,19.0,0,375,wedding,1170.0
1087,П7302-003К95,gold,2.73,19.0,0,375,wedding,1170.0
1088,П7302-003К95,gold,2.74,19.0,0,375,wedding,1174.28
1089,П7302-003К95,gold,3.01,21.0,0,375,wedding,1290.0
1090,П7302-003К95,gold,3.01,21.0,0,375,wedding,1290.0
1091,П7302-003К95,gold,3.01,21.0,0,375,wedding,1290.0
1092,П7302-003К95,gold,3.01,21.0,0,375,wedding,1290.0
1093,П7302-003К95,gold,3.01,21.0,0,375,wedding,1290.0
1094,П7302-003К95,gold,3.02,21.0,0,375,wedding,1294.28
1095,П7302-003К95,gold,3.02,21.0,0,375,wedding,1294.28
1096,П7302-003К95,gold,3.02,21.0,0,375,wedding,1294.28
1097,П7302-003К95,gold,3.02,21.0,0,375,wedding,1294.28
1098,П7302-003К95,gold,3.04,21.5,0,375,wedding,1302.85
1099,П7302-003К95,gold,3.1,22.0,0,375,wedding,1328.57
1100,П7302-003К95,gold,3.1,22.0,0,375,wedding,1328.57
1101,П7302-003К95,gold,3.16,22.5,0,375,wedding,1354.28
1102,П7302-003К95,gold,3.16,22.5,0,375,wedding,1354.28
1103,П7302-003К95,gold,3.16,22.5,0,375,wedding,1354.28
1104,П7302-003К95,gold,2.19,16.5,0,375,wedding,938.57
1105,П7302-003К95,gold,2.23,16.5,0,375,wedding,955.71
1106,П7302-003К95,gold,2.26,15.0,0,375,wedding,968.57
1107,П7302-003К95,gold,2.29,15.0,0,375,wedding,981.43
1108,П7302-003К95,gold,2.29,15.0,0,375,wedding,981.43
1109,П7302-003К95,gold,2.37,16.0,0,375,wedding,1015.71
1110,П7302-003К95,gold,2.37,16.0,0,375,wedding,1015.71
1111,П7302-003К95,gold,2.38,17.0,0,375,wedding,1020.0
1112,П7302-003К95,gold,2.38,17.0,0,375,wedding,1020.0
1113,П7302-003К95,gold,2.38,17.0,0,375,wedding,1020.0
1114,П7302-003К95,gold,2.38,17.0,0,375,wedding,1020.0
1115,П7302-003К95,gold,2.39,17.0,0,375,wedding,1024.28
1116,П7302-003К95,gold,2.39,17.0,0,375,wedding,1024.28
1117,П7302-003К95,gold,2.4,17.0,0,375,wedding,1028.57
1118,П7302-003К95,gold,2.44,16.5,0,375,wedding,1045.71
1119,П7302-003К95,gold,2.44,16.5,0,375,wedding,1045.71
1120,П7302-003К95,gold,2.44,16.5,0,375,wedding,1045.71
1121,П7302-003К95,gold,2.44,16.5,0,375,wedding,1045.71
1122,П7302-003К95,gold,2.44,16.5,0,375,wedding,1045.71
1123,П7302-003К95,gold,2.44,16.5,0,375,wedding,1045.71
1124,П7302-003К95,gold,2.45,16.5,0,375,wedding,1050.0
1125,П7302-003К95,gold,2.45,16.5,0,375,wedding,1050.0
1126,П7302-003К95,gold,2.45,16.5,0,375,wedding,1050.0
1127,П7302-003К95,gold,2.45,16.5,0,375,wedding,1050.0
1128,П7302-003К95,gold,2.45,16.5,0,375,wedding,1050.0
1129,П7302-003К95,gold,2.45,16.5,0,375,wedding,1050.0
1130,П7302-003К95,gold,2.45,16.5,0,375,wedding,1050.0
1131,П7302-003К95,gold,2.53,17.5,0,375,wedding,1084.28
1132,П7302-003К95,gold,2.54,17.5,0,375,wedding,1088.57
1133,П7302-003К95,gold,2.54,17.5,0,375,wedding,1088.57
1134,П7302-003К95,gold,2.54,17.5,0,375,wedding,1088.57
1135,П7302-003К95,gold,2.54,17.5,0,375,wedding,1088.57
1136,П7302-003К95,gold,2.54,17.5,0,375,wedding,1088.57
1137,П7302-003К95,gold,2.57,18.0,0,375,wedding,1101.42
1138,П7302-003К95,gold,2.57,18.0,0,375,wedding,1101.42
1139,П7302-003К95,gold,2.57,18.0,0,375,wedding,1101.42
1140,П7302-003К95,gold,2.57,18.0,0,375,wedding,1101.42
1141,П7302-003К95,gold,2.57,18.0,0,375,wedding,1101.42
1142,П7302-003К95,gold,2.58,18.0,0,375,wedding,1105.71
1143,П7302-003К95,gold,2.6,18.0,0,375,wedding,1114.28
1144,П7302-003К95,gold,2.68,18.5,0,375,wedding,1148.57
1145,П7302-003К95,gold,2.68,18.5,0,375,wedding,1148.57
1146,П7302-003К95,gold,2.68,18.5,0,375,wedding,1148.57
1147,П7302-003К95,gold,2.69,18.5,0,375,wedding,1152.85
1148,П7302-003К95,gold,2.69,18.5,0,375,wedding,1152.85
1149,П7302-003К95,gold,2.69,18.5,0,375,wedding,1152.85
1150,П7302-003К95,gold,2.69,19.0,0,375,wedding,1152.85
1151,П7302-003К95,gold,2.69,19.0,0,375,wedding,1152.85
1152,П7302-003К95,gold,2.7,18.5,0,375,wedding,1157.14
1153,П7302-003К95,gold,2.71,18.5,0,375,wedding,1161.42
1154,П7302-003К95,gold,2.75,20.0,0,375,wedding,1178.57
1155,П7302-003К95,gold,2.82,20.0,0,375,wedding,1208.57
1156,П7302-003К95,gold,3.1,21.5,0,375,wedding,1328.57
1157,П7302-003К95,gold,3.12,21.5,0,375,wedding,1337.14
1158,П7302-003К95,gold,3.12,21.5,0,375,wedding,1337.14
1159,П7302-003К95,gold,3.12,21.5,0,375,wedding,1337.14
1160,П7302-003К95,gold,3.12,21.5,0,375,wedding,1337.14
1161,П7302-003К95,gold,3.13,21.5,0,375,wedding,1341.42
1162,П7302-003К95,gold,3.13,21.5,0,375,wedding,1341.42
1163,П7302-003К95,gold,3.13,21.5,0,375,wedding,1341.42
1164,П7302-003К95,gold,3.13,21.5,0,375,wedding,1341.42
1165,П7302-003К95,gold,3.13,21.5,0,375,wedding,1341.42
1166,П7302-003К95,gold,3.13,21.5,0,375,wedding,1341.42
1167,П7302-003К95,gold,2.78,19.5,0,375,wedding,1191.42
1168,94012213,silver,1.72,18.5,0,925,decorative,95.55
1169,94012213,silver,1.73,18.5,0,925,decorative,96.08
1170,94012213,silver,1.77,18.5,0,925,decorative,98.31
1171,94012213,silver,1.78,17.5,0,925,decorative,96.26
1172,94012213,silver,1.74,18.5,0,925,decorative,96.62
1173,П7302-001К14,gold,2.38,15.0,0,585,wedding,1196.78
1174,П7302-001К14,gold,2.46,15.5,0,585,wedding,1237.01
1175,П7302-001К14,gold,2.49,16.0,0,585,wedding,1422.86
1176,П7302-001К14,gold,2.53,16.0,0,585,wedding,1445.72
1177,П7302-001К14,gold,2.54,18.0,0,585,wedding,1487.7
1178,П7302-001К14,gold,2.55,16.0,0,585,wedding,1347.85
1179,П7302-001К14,gold,2.56,18.0,0,585,wedding,1499.42
1180,П7302-001К14,gold,2.58,17.5,0,585,wedding,1511.13
1181,П7302-001К14,gold,2.58,17.5,0,585,wedding,1511.13
1182,П7302-001К14,gold,2.58,17.5,0,585,wedding,1511.13
1183,П7302-001К14,gold,2.58,17.5,0,585,wedding,1511.13
1184,П7302-001К14,gold,2.58,17.5,0,585,wedding,1511.13
1185,П7302-001К14,gold,2.58,17.5,0,585,wedding,1511.13
1186,П7302-001К14,gold,2.59,17.5,0,585,wedding,1516.99
1187,П7302-001К14,gold,2.59,18.0,0,585,wedding,1516.99
1188,П7302-001К14,gold,2.62,17.5,0,585,wedding,1534.56
1189,П7302-001К14,gold,2.62,17.5,0,585,wedding,1534.56
1190,П7302-001К14,gold,2.62,18.5,0,585,wedding,1534.56
1191,П7302-001К14,gold,2.78,19.0,0,585,wedding,1628.27
1192,П7302-001К14,gold,2.78,19.0,0,585,wedding,1628.27
1193,П7302-001К14,gold,2.78,19.0,0,585,wedding,1628.27
1194,П7302-001К14,gold,2.78,19.0,0,585,wedding,1628.27
1195,П7302-001К14,gold,2.8,19.0,0,585,wedding,1639.99
1196,П7302-001К14,gold,2.8,19.0,0,585,wedding,1639.99
1197,П7302-001К14,gold,2.82,19.0,0,585,wedding,1651.7
1198,П7302-001К14,gold,2.82,19.0,0,585,wedding,1651.7
1199,П7302-001К14,gold,2.84,19.0,0,585,wedding,1663.42
1200,П7302-001К14,gold,2.85,19.0,0,585,wedding,1669.27
1201,П7302-001К14,gold,2.85,19.0,0,585,wedding,1669.27
1202,П7302-001К14,gold,2.9,19.5,0,585,wedding,1698.56
1203,П7302-001К14,gold,2.9,19.5,0,585,wedding,1698.56
1204,П7302-001К14,gold,2.94,20.0,0,585,wedding,1721.99
1205,П7302-001К14,gold,2.94,20.0,0,585,wedding,1680.0
1206,П7302-001К14,gold,2.96,19.5,0,585,wedding,1733.7
1207,П7302-001К14,gold,2.96,20.0,0,585,wedding,1733.7
1208,П7302-001К14,gold,2.96,20.0,0,585,wedding,1733.7
1209,П7302-001К14,gold,2.96,20.0,0,585,wedding,1733.7
1210,П7302-001К14,gold,3.02,20.5,0,585,wedding,1768.84
1211,П7302-001К14,gold,3.07,20.5,0,585,wedding,1798.13
1212,П7302-001К14,gold,3.18,21.0,0,585,wedding,1862.56
1213,П7302-001К14,gold,3.18,21.0,0,585,wedding,1862.56
1214,П7302-001К14,gold,3.2,21.0,0,585,wedding,1874.27
1215,П7302-001К14,gold,3.22,21.0,0,585,wedding,1885.99
1216,П7302-001К14,gold,3.24,21.5,0,585,wedding,1897.7
1217,П7302-001К14,gold,3.25,21.0,0,585,wedding,1903.56
1218,П7302-001К14,gold,3.25,21.0,0,585,wedding,1903.56
1219,П7302-001К14,gold,3.25,21.5,0,585,wedding,1903.56
1220,П7302-001К14,gold,3.26,21.5,0,585,wedding,1639.32
1221,П7302-001К14,gold,3.26,22.5,0,585,wedding,1909.41
1222,П7302-001К14,gold,3.27,21.5,0,585,wedding,1915.27
1223,П7302-001К14,gold,3.3,21.5,0,585,wedding,1932.84
1224,П7302-001К14,gold,3.3,21.5,0,585,wedding,1932.84
1225,П7302-001К14,gold,3.3,21.5,0,585,wedding,1932.84
1226,П7302-001К14,gold,3.3,21.5,0,585,wedding,1932.84
1227,П7302-001К14,gold,3.34,22.5,0,585,wedding,1956.27
1228,П7302-001К14,gold,2.6,16.5,0,585,wedding,1522.85
1229,П7302-001К14,gold,3.1,20.5,0,585,wedding,1815.7
1230,П7302-001К14,gold,3.1,20.5,0,585,wedding,1815.7
1231,П7302-001К14,gold,2.43,16.5,0,585,wedding,1423.28
1232,П7302-001К14,gold,2.44,17.0,0,585,wedding,1429.13
1233,П7302-001К14,gold,2.92,19.5,0,585,wedding,1710.27
1234,П7302-001К14,gold,2.92,19.5,0,585,wedding,1710.27
1235,П7302-001К14,gold,2.91,19.5,0,585,wedding,1704.42
1236,П7302-001К14,gold,2.55,17.5,0,585,wedding,1493.56
1237,П7302-001К14,gold,2.38,16.0,0,585,wedding,1393.99
1238,П7302-001К14,gold,2.38,16.0,0,585,wedding,1393.99
1239,П7302-001К14,gold,2.42,16.0,0,585,wedding,1417.42
1240,П7302-001К14,gold,2.48,16.0,0,585,wedding,1310.85
1241,П7302-001К14,gold,2.48,16.0,0,585,wedding,1310.85
1242,П7302-001К14,gold,2.48,16.0,0,585,wedding,1452.56
1243,П7302-001К14,gold,2.7,17.5,0,585,wedding,1581.42
1244,П7302-001К14,gold,2.73,18.0,0,585,wedding,1443.0
1245,П7302-001К14,gold,2.73,18.0,0,585,wedding,1598.99
1246,П7302-001К14,gold,2.73,18.0,0,585,wedding,1598.99
1247,П7302-001К14,gold,2.75,18.5,0,585,wedding,1610.7
1248,П7302-001К14,gold,2.78,18.5,0,585,wedding,1628.27
1249,П7302-001К14,gold,2.78,18.5,0,585,wedding,1628.27
1250,П7302-001К14,gold,2.78,18.5,0,585,wedding,1628.27
1251,П7302-001К14,gold,3.2,20.5,0,585,wedding,1737.15
1252,П7302-001К14,gold,3.2,20.5,0,585,wedding,1874.27
1253,П7302-001К14,gold,3.33,21.0,0,585,wedding,1760.14
1254,П7302-001К14,gold,3.41,21.5,0,585,wedding,1802.42
1255,П7302-001К14,gold,3.41,21.5,0,585,wedding,1802.42
1256,П7302-001К14,gold,3.44,21.5,0,585,wedding,1818.28
1257,П7302-001К14,gold,3.64,22.5,0,585,wedding,1923.99
1258,П7302-001К14,gold,3.24,20.5,0,585,wedding,1897.7
1259,П7302-001К14,gold,2.42,15.5,0,585,wedding,1279.14
1260,П7302-001К14,gold,2.84,19.5,0,585,wedding,1663.42
1261,П7302-001К14,gold,2.96,19.0,0,585,wedding,1733.7
1262,П7302-001К14,gold,2.38,15.5,0,585,wedding,1393.99
1263,П7302-001К14,gold,2.38,15.5,0,585,wedding,1360.0
1264,П7302-001К14,gold,2.4,15.5,0,585,wedding,1405.7
1265,П7302-001К14,gold,2.4,15.5,0,585,wedding,1371.43
1266,П7302-001К14,gold,2.7,17.0,0,585,wedding,1581.42
1267,П7302-001К14,gold,2.74,17.5,0,585,wedding,1604.85
1268,П7302-001К14,gold,2.74,17.5,0,585,wedding,1604.85
1269,П7302-001К14,gold,2.74,17.5,0,585,wedding,1604.85
1270,П7302-001К14,gold,2.77,19.0,0,585,wedding,1622.42
1271,П7302-001К14,gold,2.77,19.0,0,585,wedding,1622.42
1272,П7302-001К14,gold,2.77,19.0,0,585,wedding,1622.42
1273,П7302-001К14,gold,2.77,19.0,0,585,wedding,1622.42
1274,П7302-001К14,gold,2.79,19.0,0,585,wedding,1634.13
1275,П7302-001К14,gold,2.79,19.0,0,585,wedding,1634.13
1276,П7302-001К14,gold,2.87,18.0,0,585,wedding,1640.0
1277,П7302-001К14,gold,2.87,18.0,0,585,wedding,1640.0
1278,П7302-001К14,gold,2.87,18.0,0,585,wedding,1640.0
1279,П7302-001К14,gold,2.91,20.0,0,585,wedding,1704.42
1280,П7302-001К14,gold,2.93,20.5,0,585,wedding,1674.29
1281,П7302-001К14,gold,2.95,20.5,0,585,wedding,1727.84
1282,П7302-001К14,gold,2.95,21.0,0,585,wedding,1727.84
1283,П7302-001К14,gold,2.98,21.0,0,585,wedding,1745.42
1284,П7302-001К14,gold,3.0,20.0,0,585,wedding,1757.13
1285,П7302-001К14,gold,3.0,20.0,0,585,wedding,1757.13
1286,П7302-001К14,gold,3.08,19.0,0,585,wedding,1803.99
1287,П7302-001К14,gold,3.16,21.5,0,585,wedding,1805.72
1288,П7302-001К14,gold,3.18,21.5,0,585,wedding,1862.56
1289,П7302-001К14,gold,3.18,21.5,0,585,wedding,1862.56
1290,П7302-001К14,gold,3.22,22.0,0,585,wedding,1885.99
1291,П7302-001К14,gold,3.22,22.0,0,585,wedding,1840.0
1292,П7302-001К14,gold,3.33,22.5,0,585,wedding,1902.86
1293,П7302-001К14,gold,3.33,23.0,0,585,wedding,1950.41
1294,П7302-001К14,gold,3.33,23.0,0,585,wedding,1950.41
1295,П7302-001К14,gold,3.33,23.0,0,585,wedding,1950.41
1296,П7302-001К14,gold,2.72,17.5,0,585,wedding,1593.13
1297,П7302-001К14,gold,3.17,22.0,0,585,wedding,1856.7
1298,П7302-001К14,gold,2.94,18.5,0,585,wedding,1721.99
1299,П7302-001К14,gold,3.03,21.0,0,585,wedding,1774.7
1300,П7302-001К14,gold,2.35,16.0,0,585,wedding,1376.42
1301,П7302-001К14,gold,2.47,17.0,0,585,wedding,1446.7
1302,П7302-001К14,gold,2.47,17.0,0,585,wedding,1446.7
1303,П7302-001К14,gold,2.5,17.0,0,585,wedding,1464.28
1304,П7302-001К14,gold,2.5,17.0,0,585,wedding,1464.28
1305,П7302-001К14,gold,2.65,18.0,0,585,wedding,1552.13
1306,П7302-001К14,gold,2.69,18.0,0,585,wedding,1575.56
1307,П7302-001К14,gold,2.69,18.0,0,585,wedding,1575.56
1308,П7302-001К14,gold,2.69,18.0,0,585,wedding,1575.56
1309,П7302-001К14,gold,2.71,18.0,0,585,wedding,1587.27
1310,П7302-001К14,gold,2.71,18.0,0,585,wedding,1587.27
1311,П7302-001К14,gold,2.99,20.0,0,585,wedding,1751.27
1312,П7302-001К14,gold,2.99,20.0,0,585,wedding,1751.27
1313,П7302-001К14,gold,3.12,20.5,0,585,wedding,1827.42
1314,П7302-001К14,gold,3.12,20.5,0,585,wedding,1827.42
1315,П7302-001К14,gold,3.46,23.0,0,585,wedding,2026.56
1316,П7302-001К14,gold,3.49,22.0,0,585,wedding,2044.13
1317,П7302-001К14,gold,3.52,22.5,0,585,wedding,2061.7
1318,П7302-001К14,gold,2.67,18.0,0,585,wedding,1563.85
1319,П7302-001К14,gold,2.67,18.0,0,585,wedding,1563.85
1320,П7302-001К14,gold,2.67,18.0,0,585,wedding,1563.85
1321,П7302-001К14,gold,2.67,18.0,0,585,wedding,1563.85
1322,П7302-001К14,gold,2.67,18.0,0,585,wedding,1563.85
1323,П7302-001К14,gold,2.67,18.0,0,585,wedding,1563.85
1324,П7302-001К14,gold,2.74,18.5,0,585,wedding,1604.85
1325,П7302-001К14,gold,2.46,16.5,0,585,wedding,1440.85
1326,П7302-001К14,gold,3.06,21.5,0,585,wedding,1792.27
1327,П7302-001К14,gold,3.06,21.5,0,585,wedding,1792.27
1328,П7302-001К14,gold,3.06,21.5,0,585,wedding,1792.27
1329,П7302-001К14,gold,3.23,22.5,0,585,wedding,1891.84
1330,П7302-001К14,gold,3.34,23.0,0,585,wedding,1956.27
1331,П7302-001К14,gold,2.37,15.5,0,585,wedding,1388.13
1332,П7302-001К14,gold,2.37,15.5,0,585,wedding,1388.13
1333,П7302-001К14,gold,2.81,18.5,0,585,wedding,1645.85
1334,П7302-001К14,gold,2.81,18.5,0,585,wedding,1645.85
1335,П7302-001К14,gold,3.12,22.0,0,585,wedding,1827.42
1336,П7302-001К14,gold,2.88,18.5,0,585,wedding,1686.84
1337,П7302-001К14,gold,3.1,19.0,0,585,wedding,1815.7
1338,П7302-001К14,gold,2.4,16.0,0,585,wedding,1405.7
1339,П7302-001К14,gold,2.4,16.0,0,585,wedding,1405.7
1340,П7302-001К14,gold,2.4,16.0,0,585,wedding,1405.7
1341,П7302-001К14,gold,2.4,16.0,0,585,wedding,1405.7
1342,П7302-001К14,gold,3.07,21.5,0,585,wedding,1798.13
1343,П7302-001К14,gold,3.07,21.5,0,585,wedding,1798.13
1344,П7302-001К14,gold,3.07,21.5,0,585,wedding,1798.13
1345,П7302-001К14,gold,3.18,22.0,0,585,wedding,1862.56
1346,П7302-001К14,gold,3.18,22.0,0,585,wedding,1862.56
1347,П7302-001К14,gold,3.18,22.0,0,585,wedding,1862.56
1348,П7302-001К14,gold,2.81,19.0,0,585,wedding,1645.85
1349,П7302-001К14,gold,2.7,18.0,0,585,wedding,1581.42
1350,П7302-001К14,gold,2.38,17.0,0,585,wedding,1393.99
1351,П7302-001К14,gold,2.88,20.5,0,585,wedding,1686.84
1352,П7302-001К14,gold,2.57,16.0,0,585,wedding,1505.27
1353,П7302-001К14,gold,2.57,16.0,0,585,wedding,1505.27
1354,П7302-001К14,gold,3.26,23.0,0,585,wedding,1909.41
1355,П7302-001К14,gold,3.36,23.0,0,585,wedding,1967.99
1356,П7302-001К14,gold,2.42,17.0,0,585,wedding,1417.42
1357,П7302-001К14,gold,2.51,17.5,0,585,wedding,1470.13
1358,П7302-001К14,gold,2.76,17.5,0,585,wedding,1616.56
1359,П7302-001К14,gold,3.05,21.0,0,585,wedding,1786.42
1360,П7302-001К14,gold,2.93,20.0,0,585,wedding,1716.13
1361,П7302-001К14,gold,2.48,15.5,0,585,wedding,1452.56
1362,П7302-001К14,gold,2.48,15.5,0,585,wedding,1452.56
1363,П7302-001К14,gold,2.93,19.5,0,585,wedding,1716.13
1364,П7302-001К14,gold,2.22,16.0,0,585,wedding,1300.28
1365,П7302-001К14,gold,2.24,16.0,0,585,wedding,1311.99
1366,П7302-001К14,gold,2.24,16.0,0,585,wedding,1311.99
1367,П7302-001К14,gold,2.24,16.0,0,585,wedding,1311.99
1368,П7302-001К14,gold,2.28,16.0,0,585,wedding,1335.42
1369,П7302-001К14,gold,2.33,16.5,0,585,wedding,1364.7
1370,П7302-001К14,gold,2.36,16.5,0,585,wedding,1382.28
1371,П7302-001К14,gold,2.36,16.5,0,585,wedding,1382.28
1372,П7302-001К14,gold,2.38,16.5,0,585,wedding,1393.99
1373,П7302-001К14,gold,2.38,16.5,0,585,wedding,1393.99
1374,П7302-001К14,gold,2.38,16.5,0,585,wedding,1393.99
1375,П7302-001К14,gold,2.38,16.5,0,585,wedding,1393.99
1376,П7302-001К14,gold,2.4,16.5,0,585,wedding,1405.7
1377,П7302-001К14,gold,2.43,17.0,0,585,wedding,1423.28
1378,П7302-001К14,gold,2.52,17.5,0,585,wedding,1475.99
1379,П7302-001К14,gold,2.53,18.0,0,585,wedding,1481.85
1380,П7302-001К14,gold,2.58,18.0,0,585,wedding,1511.13
1381,П7302-001К14,gold,2.75,19.0,0,585,wedding,1610.7
1382,П7302-001К14,gold,2.75,19.0,0,585,wedding,1610.7
1383,П7302-001К14,gold,2.75,19.5,0,585,wedding,1610.7
1384,П7302-001К14,gold,2.75,19.5,0,585,wedding,1610.7
1385,П7302-001К14,gold,2.77,19.5,0,585,wedding,1622.42
1386,П7302-001К14,gold,2.77,19.5,0,585,wedding,1622.42
1387,П7302-001К14,gold,2.77,19.5,0,585,wedding,1622.42
1388,П7302-001К14,gold,2.77,19.5,0,585,wedding,1622.42
1389,П7302-001К14,gold,2.77,19.5,0,585,wedding,1622.42
1390,П7302-001К14,gold,2.99,21.0,0,585,wedding,1751.27
1391,П7302-001К14,gold,2.99,21.0,0,585,wedding,1751.27
1392,П7302-001К14,gold,2.49,17.5,0,585,wedding,1458.42
1393,П7302-001К14,gold,2.93,21.0,0,585,wedding,1716.13
1394,П7302-001К14,gold,2.45,17.0,0,585,wedding,1434.99
1395,П7302-001К14,gold,2.71,18.5,0,585,wedding,1587.27
1396,П7302-001К14,gold,2.49,15.5,0,585,wedding,1458.42
1397,П7302-001К14,gold,2.49,15.5,0,585,wedding,1458.42
1398,П7302-001К14,gold,2.48,17.0,0,585,wedding,1452.56
1399,П7302-001К14,gold,3.19,21.5,0,585,wedding,1868.41
1400,П7302-001К14,gold,3.19,21.5,0,585,wedding,1868.41
1401,П7302-001К14,gold,3.19,21.5,0,585,wedding,1868.41
1402,П7302-001К14,gold,3.19,21.5,0,585,wedding,1868.41
1403,П7302-001К14,gold,3.26,21.0,0,585,wedding,1909.41
1404,П7302-001К14,gold,3.26,21.0,0,585,wedding,1909.41
1405,П7302-001К14,gold,3.3,21.0,0,585,wedding,1932.84
1406,П7302-001К14,gold,2.92,20.0,0,585,wedding,1710.27
1407,П7302-001К14,gold,2.92,20.0,0,585,wedding,1710.27
1408,П7302-001К14,gold,2.44,16.0,0,585,wedding,1429.13
1409,П7302-001К14,gold,2.42,16.5,0,585,wedding,1417.42
1410,П7302-001К14,gold,2.42,16.5,0,585,wedding,1417.42
1411,П7302-001К14,gold,2.42,16.5,0,585,wedding,1417.42
1412,П7302-001К14,gold,2.35,15.5,0,585,wedding,1376.42
1413,П7302-001К14,gold,3.28,21.0,0,585,wedding,1921.13
1414,П7302-001К14,gold,3.29,21.0,0,585,wedding,1926.99
1415,П7302-001К14,gold,3.29,21.0,0,585,wedding,1926.99
1416,П7302-001К14,gold,2.6,17.5,0,585,wedding,1522.85
1417,П7302-001К14,gold,2.99,20.5,0,585,wedding,1751.27
1418,П7302-001К14,gold,2.99,20.5,0,585,wedding,1751.27
1419,П7302-001К14,gold,3.24,22.0,0,585,wedding,1897.7
1420,П7302-001К14,gold,2.78,19.5,0,585,wedding,1628.27
1421,П7302-001К14,gold,2.78,19.5,0,585,wedding,1628.27
1422,П7302-001К14,gold,2.37,16.5,0,585,wedding,1388.13
1423,П7302-001К14,gold,2.37,16.5,0,585,wedding,1388.13
1424,П7302-001К14,gold,2.37,16.5,0,585,wedding,1388.13
1425,П7302-001К14,gold,2.37,16.5,0,585,wedding,1388.13
1426,П7302-001К14,gold,2.37,16.5,0,585,wedding,1388.13
1427,П7302-001К14,gold,2.39,16.5,0,585,wedding,1399.85
1428,П7302-001К14,gold,2.39,16.5,0,585,wedding,1399.85
1429,П7302-001К14,gold,2.39,16.5,0,585,wedding,1399.85
1430,П7302-001К14,gold,2.39,16.5,0,585,wedding,1399.85
1431,П7302-001К14,gold,2.45,16.0,0,585,wedding,1434.99
1432,П7302-001К14,gold,2.51,17.0,0,585,wedding,1470.13
1433,П7302-001К14,gold,2.66,18.0,0,585,wedding,1557.99
1434,П7302-001К14,gold,2.67,21.0,0,585,wedding,1563.85
1435,П7302-001К14,gold,2.72,18.0,0,585,wedding,1593.13
1436,П7302-001К14,gold,2.72,18.0,0,585,wedding,1593.13
1437,П7302-001К14,gold,2.72,18.0,0,585,wedding,1593.13
1438,П7302-001К14,gold,2.87,18.5,0,585,wedding,1680.99
1439,П7302-001К14,gold,2.91,18.5,0,585,wedding,1704.42
1440,П7302-001К14,gold,3.01,20.0,0,585,wedding,1762.99
1441,П7302-001К14,gold,3.01,20.0,0,585,wedding,1762.99
1442,П7302-001К14,gold,3.11,20.5,0,585,wedding,1821.56
1443,П7302-001К14,gold,3.11,20.5,0,585,wedding,1821.56
1444,П7302-001К14,gold,3.13,20.5,0,585,wedding,1833.27
1445,П7302-001К14,gold,3.13,20.5,0,585,wedding,1833.27
1446,П7302-001К14,gold,3.15,20.5,0,585,wedding,1844.99
1447,П7302-001К14,gold,3.15,20.5,0,585,wedding,1844.99
1448,П7302-001К14,gold,3.15,21.0,0,585,wedding,1844.99
1449,П7302-001К14,gold,3.16,20.5,0,585,wedding,1850.84
1450,П7302-001К14,gold,3.17,21.5,0,585,wedding,1856.7
1451,П7302-001К14,gold,3.17,21.5,0,585,wedding,1856.7
1452,П7302-001К14,gold,3.19,20.5,0,585,wedding,1868.41
1453,П7302-001К14,gold,3.27,21.0,0,585,wedding,1915.27
1454,П7302-001К14,gold,3.27,21.0,0,585,wedding,1915.27
1455,П7302-001К14,gold,3.34,21.0,0,585,wedding,1956.27
1456,П7302-001К14,gold,3.42,22.0,0,585,wedding,2003.13
1457,П7302-001К14,gold,3.43,22.5,0,585,wedding,2008.99
1458,П7302-001К14,gold,3.49,22.5,0,585,wedding,2044.13
1459,П7302-001К14,gold,3.56,23.0,0,585,wedding,2085.13
1460,П7302-001К14,gold,2.08,15.5,0,585,wedding,1218.28
1461,П7302-001К14,gold,2.11,15.5,0,585,wedding,1235.85
1462,П7302-001К14,gold,2.15,15.5,0,585,wedding,1259.28
1463,П7302-001К14,gold,2.15,15.5,0,585,wedding,1259.28
1464,П7302-001К14,gold,2.17,16.0,0,585,wedding,1270.99
1465,П7302-001К14,gold,2.17,16.0,0,585,wedding,1270.99
1466,П7302-001К14,gold,2.18,16.0,0,585,wedding,1276.85
1467,П7302-001К14,gold,2.2,16.0,0,585,wedding,1288.56
1468,П7302-001К14,gold,2.2,16.0,0,585,wedding,1288.56
1469,П7302-001К14,gold,2.26,17.0,0,585,wedding,1323.7
1470,П7302-001К14,gold,2.28,17.0,0,585,wedding,1335.42
1471,П7302-001К14,gold,2.3,17.0,0,585,wedding,1347.13
1472,П7302-001К14,gold,2.3,17.0,0,585,wedding,1347.13
1473,П7302-001К14,gold,2.33,17.0,0,585,wedding,1364.7
1474,П7302-001К14,gold,2.33,17.0,0,585,wedding,1364.7
1475,П7302-001К14,gold,2.33,17.0,0,585,wedding,1364.7
1476,П7302-001К14,gold,2.33,17.0,0,585,wedding,1364.7
1477,П7302-001К14,gold,2.34,17.0,0,585,wedding,1370.56
1478,П7302-001К14,gold,2.35,16.5,0,585,wedding,1376.42
1479,П7302-001К14,gold,2.35,16.5,0,585,wedding,1376.42
1480,П7302-001К14,gold,2.35,16.5,0,585,wedding,1376.42
1481,П7302-001К14,gold,2.51,18.0,0,585,wedding,1470.13
1482,П7302-001К14,gold,2.51,18.0,0,585,wedding,1470.13
1483,П7302-001К14,gold,2.7,19.0,0,585,wedding,1581.42
1484,П7302-001К14,gold,2.71,19.0,0,585,wedding,1587.27
1485,П7302-001К14,gold,2.73,19.0,0,585,wedding,1598.99
1486,П7302-001К14,gold,2.74,19.0,0,585,wedding,1604.85
1487,П7302-001К14,gold,2.74,19.0,0,585,wedding,1604.85
1488,П7302-001К14,gold,2.78,20.0,0,585,wedding,1628.27
1489,П7302-001К14,gold,2.79,20.0,0,585,wedding,1634.13
1490,П7302-001К14,gold,2.8,19.5,0,585,wedding,1639.99
1491,П7302-001К14,gold,2.8,19.5,0,585,wedding,1639.99
1492,П7302-001К14,gold,2.8,20.0,0,585,wedding,1639.99
1493,П7302-001К14,gold,2.8,20.0,0,585,wedding,1639.99
1494,П7302-001К14,gold,2.81,20.0,0,585,wedding,1645.85
1495,П7302-001К14,gold,2.82,18.5,0,585,wedding,1651.7
1496,П7302-001К14,gold,2.89,20.0,0,585,wedding,1692.7
1497,П7302-001К14,gold,2.89,20.0,0,585,wedding,1692.7
1498,П7302-001К14,gold,3.01,23.0,0,585,wedding,1762.99
1499,П7302-001К14,gold,3.05,20.5,0,585,wedding,1786.42
1500,П7302-001К14,gold,3.08,23.0,0,585,wedding,1803.99
1501,П7302-001К14,gold,3.21,21.5,0,585,wedding,1880.13
1502,П7302-001К14,gold,3.29,23.0,0,585,wedding,1926.99
1503,П7302-001К14,gold,3.35,22.5,0,585,wedding,1962.13
1504,П7302-001К14,gold,3.35,22.5,0,585,wedding,1962.13
1505,П7302-001К14,gold,3.35,22.5,0,585,wedding,1962.13
1506,П7302-001К14,gold,3.35,22.5,0,585,wedding,1962.13
1507,П7302-001К14,gold,3.35,22.5,0,585,wedding,1962.13
1508,П7302-001К14,gold,3.35,22.5,0,585,wedding,1962.13
1509,П7302-001К14,gold,3.37,23.0,0,585,wedding,1973.84
1510,П7302-001К14,gold,3.37,23.0,0,585,wedding,1973.84
1511,П7302-001К14,gold,3.37,23.0,0,585,wedding,1973.84
1512,П7302-001К14,gold,3.37,23.0,0,585,wedding,1973.84
1513,П7302-001К14,gold,3.38,22.5,0,585,wedding,1979.7
1514,П7302-001К14,gold,3.39,22.5,0,585,wedding,1985.56
1515,П7302-001К14,gold,3.42,22.5,0,585,wedding,2003.13
1516,Т130619021,gold,2.56,21.5,0,585,wedding,1070.08
1517,Т130619021,gold,2.59,21.5,0,585,wedding,1082.62
1518,Т130619021,gold,2.59,22.5,0,585,wedding,1082.62
1519,Т130619021,gold,2.67,22.5,0,585,wedding,1116.06
1520,Т130619021,gold,2.68,22.5,0,585,wedding,1120.24
1521,Т130619021,gold,2.74,22.0,0,585,wedding,1145.32
1522,Т130619021,gold,2.75,22.0,0,585,wedding,1149.5
1523,Т130619021,gold,2.4,22.0,0,585,wedding,1003.2
1524,Т130619021,gold,2.49,22.0,0,585,wedding,1040.82
1525,Т130619021,gold,2.48,22.0,0,585,wedding,1036.64
1526,Т130619021,gold,2.45,21.5,0,585,wedding,1024.1
1527,Т10001016,gold,1.77,15.0,0,585,wedding,750.98
1528,Т10001016,gold,2.51,22.5,0,585,wedding,1064.94
1529,Т10001016,gold,2.51,22.5,0,585,wedding,1064.94
1530,Т10001016,gold,2.53,22.5,0,585,wedding,1073.43
1531,Т10001016,gold,2.52,22.5,0,585,wedding,1069.19
1532,Т10001016,gold,1.98,18.0,0,585,wedding,840.07
1533,Т10001016,gold,1.79,15.5,0,585,wedding,759.46
1534,Т10001016,gold,1.79,15.5,0,585,wedding,759.46
1535,Т10001016,gold,2.59,23.0,0,585,wedding,1098.89
1536,Т10001016,gold,2.36,22.0,0,585,wedding,1001.3
1537,Т10001016,gold,1.61,15.0,0,585,wedding,683.09
1538,Т10001016,gold,1.61,15.0,0,585,wedding,683.09
1539,Т10001016,gold,2.22,19.0,0,585,wedding,941.9
1540,Т10001016,gold,1.67,15.0,0,585,wedding,708.55
1541,Т10001016,gold,1.67,15.0,0,585,wedding,708.55
1542,Т10001016,gold,2.35,21.0,0,585,wedding,997.06
1543,Т10001016,gold,1.89,16.0,0,585,wedding,801.89
1544,Т10001016,gold,1.7,15.0,0,585,wedding,947.14
1545,Т10001016,gold,1.76,15.0,0,585,wedding,746.73
1546,Т10001016,gold,1.79,15.0,0,585,wedding,759.46
1547,Т10001016,gold,1.68,15.0,0,585,wedding,712.79
1548,110029,gold,2.35,15.5,0,585,wedding,973.58
1549,110029,gold,2.49,16.0,0,585,wedding,1031.58
1550,94011264,silver,1.38,15.0,0,925,engagement,207.68
1551,94011264,silver,1.35,15.0,0,925,engagement,202.97
1552,94011264,silver,1.32,16.0,0,925,engagement,71.13
1553,94011264,silver,1.51,18.0,0,925,engagement,81.34
1554,94011264,silver,1.45,16.0,0,925,engagement,76.91
1555,94011264,silver,1.51,17.5,0,925,engagement,80.09
1556,94011264,silver,1.47,17.0,0,925,engagement,79.2
1557,94011264,silver,1.49,17.0,0,925,engagement,79.03
1558,94011264,silver,1.49,17.0,0,925,engagement,80.28
1559,94011264,silver,1.52,17.5,0,925,engagement,81.87
1560,94011264,silver,1.52,17.5,0,925,engagement,81.87
1561,94011264,silver,1.61,17.0,0,925,engagement,85.43
1562,94011264,silver,1.48,17.5,0,925,engagement,78.5
1563,94011264,silver,1.48,17.5,0,925,engagement,78.5
1564,94011264,silver,1.44,16.5,0,925,engagement,77.53
1565,94011264,silver,1.49,16.0,0,925,engagement,79.03
1566,94011264,silver,1.62,18.0,0,925,engagement,85.96
1567,94011264,silver,1.62,18.0,0,925,engagement,85.96
1568,94011264,silver,1.35,15.0,0,925,engagement,71.58
1569,1010015240,silver,1.15,17.0,0,925,decorative,84.18
1570,1010015240,silver,1.24,16.5,0,925,decorative,67.84
1571,1010015240,silver,1.27,16.5,0,925,decorative,69.44
1572,1010015240,silver,1.15,16.0,0,925,decorative,364.94
1573,1010015240,silver,1.42,18.0,0,925,decorative,103.9
1574,1010015240,silver,1.23,16.5,0,925,decorative,67.31
1575,1010015240,silver,1.23,16.5,0,925,decorative,67.31
1576,1010015240,silver,1.22,17.0,0,925,decorative,89.24
1577,1010015240,silver,1.24,18.0,0,925,decorative,90.76
